"date","value","series_id"
2015-01-01,0.11,"FEDFUNDS"
2015-02-01,0.11,"FEDFUNDS"
2015-03-01,0.11,"FEDFUNDS"
2015-04-01,0.12,"FEDFUNDS"
2015-05-01,0.12,"FEDFUNDS"
2015-06-01,0.13,"FEDFUNDS"
2015-07-01,0.13,"FEDFUNDS"
2015-08-01,0.14,"FEDFUNDS"
2015-09-01,0.14,"FEDFUNDS"
2015-10-01,0.12,"FEDFUNDS"
2015-11-01,0.12,"FEDFUNDS"
2015-12-01,0.24,"FEDFUNDS"
2016-01-01,0.34,"FEDFUNDS"
2016-02-01,0.38,"FEDFUNDS"
2016-03-01,0.36,"FEDFUNDS"
2016-04-01,0.37,"FEDFUNDS"
2016-05-01,0.37,"FEDFUNDS"
2016-06-01,0.38,"FEDFUNDS"
2016-07-01,0.39,"FEDFUNDS"
2016-08-01,0.4,"FEDFUNDS"
2016-09-01,0.4,"FEDFUNDS"
2016-10-01,0.4,"FEDFUNDS"
2016-11-01,0.41,"FEDFUNDS"
2016-12-01,0.54,"FEDFUNDS"
2017-01-01,0.65,"FEDFUNDS"
2017-02-01,0.66,"FEDFUNDS"
2017-03-01,0.79,"FEDFUNDS"
2017-04-01,0.9,"FEDFUNDS"
2017-05-01,0.91,"FEDFUNDS"
2017-06-01,1.04,"FEDFUNDS"
2017-07-01,1.15,"FEDFUNDS"
2017-08-01,1.16,"FEDFUNDS"
2017-09-01,1.15,"FEDFUNDS"
2017-10-01,1.15,"FEDFUNDS"
2017-11-01,1.16,"FEDFUNDS"
2017-12-01,1.3,"FEDFUNDS"
2018-01-01,1.41,"FEDFUNDS"
2018-02-01,1.42,"FEDFUNDS"
2018-03-01,1.51,"FEDFUNDS"
2018-04-01,1.69,"FEDFUNDS"
2018-05-01,1.7,"FEDFUNDS"
2018-06-01,1.82,"FEDFUNDS"
2018-07-01,1.91,"FEDFUNDS"
2018-08-01,1.91,"FEDFUNDS"
2018-09-01,1.95,"FEDFUNDS"
2018-10-01,2.19,"FEDFUNDS"
2018-11-01,2.2,"FEDFUNDS"
2018-12-01,2.27,"FEDFUNDS"
2019-01-01,2.4,"FEDFUNDS"
2019-02-01,2.4,"FEDFUNDS"
2019-03-01,2.41,"FEDFUNDS"
2019-04-01,2.42,"FEDFUNDS"
2019-05-01,2.39,"FEDFUNDS"
2019-06-01,2.38,"FEDFUNDS"
2019-07-01,2.4,"FEDFUNDS"
2019-08-01,2.13,"FEDFUNDS"
2019-09-01,2.04,"FEDFUNDS"
2019-10-01,1.83,"FEDFUNDS"
2019-11-01,1.55,"FEDFUNDS"
2019-12-01,1.55,"FEDFUNDS"
2020-01-01,1.55,"FEDFUNDS"
2020-02-01,1.58,"FEDFUNDS"
2020-03-01,0.65,"FEDFUNDS"
2020-04-01,0.05,"FEDFUNDS"
2020-05-01,0.05,"FEDFUNDS"
2020-06-01,0.08,"FEDFUNDS"
2020-07-01,0.09,"FEDFUNDS"
2020-08-01,0.1,"FEDFUNDS"
2020-09-01,0.09,"FEDFUNDS"
2020-10-01,0.09,"FEDFUNDS"
2020-11-01,0.09,"FEDFUNDS"
2020-12-01,0.09,"FEDFUNDS"
2021-01-01,0.09,"FEDFUNDS"
2021-02-01,0.08,"FEDFUNDS"
2021-03-01,0.07,"FEDFUNDS"
2021-04-01,0.07,"FEDFUNDS"
2021-05-01,0.06,"FEDFUNDS"
2021-06-01,0.08,"FEDFUNDS"
2021-07-01,0.1,"FEDFUNDS"
2021-08-01,0.09,"FEDFUNDS"
2021-09-01,0.08,"FEDFUNDS"
2021-10-01,0.08,"FEDFUNDS"
2021-11-01,0.08,"FEDFUNDS"
2021-12-01,0.08,"FEDFUNDS"
2022-01-01,0.08,"FEDFUNDS"
2022-02-01,0.08,"FEDFUNDS"
2022-03-01,0.2,"FEDFUNDS"
2022-04-01,0.33,"FEDFUNDS"
2022-05-01,0.77,"FEDFUNDS"
2022-06-01,1.21,"FEDFUNDS"
2022-07-01,1.68,"FEDFUNDS"
2022-08-01,2.33,"FEDFUNDS"
2022-09-01,2.56,"FEDFUNDS"
2022-10-01,3.08,"FEDFUNDS"
2022-11-01,3.78,"FEDFUNDS"
2022-12-01,4.1,"FEDFUNDS"
2023-01-01,4.33,"FEDFUNDS"
2023-02-01,4.57,"FEDFUNDS"
2023-03-01,4.65,"FEDFUNDS"
2023-04-01,4.83,"FEDFUNDS"
2023-05-01,5.06,"FEDFUNDS"
2023-06-01,5.08,"FEDFUNDS"
2023-07-01,5.12,"FEDFUNDS"
2023-08-01,5.33,"FEDFUNDS"
2023-09-01,5.33,"FEDFUNDS"
2023-10-01,5.33,"FEDFUNDS"
2023-11-01,5.33,"FEDFUNDS"
2023-12-01,5.33,"FEDFUNDS"
2024-01-01,5.33,"FEDFUNDS"
2024-02-01,5.33,"FEDFUNDS"
2024-03-01,5.33,"FEDFUNDS"
2024-04-01,5.33,"FEDFUNDS"
2024-05-01,5.33,"FEDFUNDS"
2024-06-01,5.33,"FEDFUNDS"
2024-07-01,5.33,"FEDFUNDS"
2024-08-01,5.33,"FEDFUNDS"
2024-09-01,5.13,"FEDFUNDS"
2024-10-01,4.83,"FEDFUNDS"
2024-11-01,4.64,"FEDFUNDS"
2024-12-01,4.48,"FEDFUNDS"
2025-01-01,4.33,"FEDFUNDS"
2025-02-01,4.33,"FEDFUNDS"
2025-03-01,4.33,"FEDFUNDS"
2025-04-01,4.33,"FEDFUNDS"
2025-05-01,4.33,"FEDFUNDS"
2025-06-01,4.33,"FEDFUNDS"
2025-07-01,4.33,"FEDFUNDS"
2025-08-01,4.33,"FEDFUNDS"
2025-09-01,4.22,"FEDFUNDS"
2025-10-01,4.09,"FEDFUNDS"
2025-11-01,3.88,"FEDFUNDS"
2025-12-01,3.72,"FEDFUNDS"
2026-01-01,3.64,"FEDFUNDS"
2015-01-01,5.7,"UNRATE"
2015-02-01,5.5,"UNRATE"
2015-03-01,5.4,"UNRATE"
2015-04-01,5.4,"UNRATE"
2015-05-01,5.6,"UNRATE"
2015-06-01,5.3,"UNRATE"
2015-07-01,5.2,"UNRATE"
2015-08-01,5.1,"UNRATE"
2015-09-01,5,"UNRATE"
2015-10-01,5,"UNRATE"
2015-11-01,5.1,"UNRATE"
2015-12-01,5,"UNRATE"
2016-01-01,4.8,"UNRATE"
2016-02-01,4.9,"UNRATE"
2016-03-01,5,"UNRATE"
2016-04-01,5.1,"UNRATE"
2016-05-01,4.8,"UNRATE"
2016-06-01,4.9,"UNRATE"
2016-07-01,4.8,"UNRATE"
2016-08-01,4.9,"UNRATE"
2016-09-01,5,"UNRATE"
2016-10-01,4.9,"UNRATE"
2016-11-01,4.7,"UNRATE"
2016-12-01,4.7,"UNRATE"
2017-01-01,4.7,"UNRATE"
2017-02-01,4.6,"UNRATE"
2017-03-01,4.4,"UNRATE"
2017-04-01,4.4,"UNRATE"
2017-05-01,4.4,"UNRATE"
2017-06-01,4.3,"UNRATE"
2017-07-01,4.3,"UNRATE"
2017-08-01,4.4,"UNRATE"
2017-09-01,4.3,"UNRATE"
2017-10-01,4.2,"UNRATE"
2017-11-01,4.2,"UNRATE"
2017-12-01,4.1,"UNRATE"
2018-01-01,4,"UNRATE"
2018-02-01,4.1,"UNRATE"
2018-03-01,4,"UNRATE"
2018-04-01,4,"UNRATE"
2018-05-01,3.8,"UNRATE"
2018-06-01,4,"UNRATE"
2018-07-01,3.8,"UNRATE"
2018-08-01,3.8,"UNRATE"
2018-09-01,3.7,"UNRATE"
2018-10-01,3.8,"UNRATE"
2018-11-01,3.8,"UNRATE"
2018-12-01,3.9,"UNRATE"
2019-01-01,4,"UNRATE"
2019-02-01,3.8,"UNRATE"
2019-03-01,3.8,"UNRATE"
2019-04-01,3.7,"UNRATE"
2019-05-01,3.6,"UNRATE"
2019-06-01,3.6,"UNRATE"
2019-07-01,3.7,"UNRATE"
2019-08-01,3.6,"UNRATE"
2019-09-01,3.5,"UNRATE"
2019-10-01,3.6,"UNRATE"
2019-11-01,3.6,"UNRATE"
2019-12-01,3.6,"UNRATE"
2020-01-01,3.6,"UNRATE"
2020-02-01,3.5,"UNRATE"
2020-03-01,4.4,"UNRATE"
2020-04-01,14.8,"UNRATE"
2020-05-01,13.2,"UNRATE"
2020-06-01,11,"UNRATE"
2020-07-01,10.2,"UNRATE"
2020-08-01,8.4,"UNRATE"
2020-09-01,7.8,"UNRATE"
2020-10-01,6.9,"UNRATE"
2020-11-01,6.7,"UNRATE"
2020-12-01,6.7,"UNRATE"
2021-01-01,6.4,"UNRATE"
2021-02-01,6.2,"UNRATE"
2021-03-01,6.1,"UNRATE"
2021-04-01,6.1,"UNRATE"
2021-05-01,5.8,"UNRATE"
2021-06-01,5.9,"UNRATE"
2021-07-01,5.4,"UNRATE"
2021-08-01,5.1,"UNRATE"
2021-09-01,4.7,"UNRATE"
2021-10-01,4.5,"UNRATE"
2021-11-01,4.1,"UNRATE"
2021-12-01,3.9,"UNRATE"
2022-01-01,4,"UNRATE"
2022-02-01,3.9,"UNRATE"
2022-03-01,3.7,"UNRATE"
2022-04-01,3.7,"UNRATE"
2022-05-01,3.6,"UNRATE"
2022-06-01,3.6,"UNRATE"
2022-07-01,3.5,"UNRATE"
2022-08-01,3.6,"UNRATE"
2022-09-01,3.5,"UNRATE"
2022-10-01,3.6,"UNRATE"
2022-11-01,3.6,"UNRATE"
2022-12-01,3.5,"UNRATE"
2023-01-01,3.5,"UNRATE"
2023-02-01,3.6,"UNRATE"
2023-03-01,3.5,"UNRATE"
2023-04-01,3.4,"UNRATE"
2023-05-01,3.6,"UNRATE"
2023-06-01,3.6,"UNRATE"
2023-07-01,3.5,"UNRATE"
2023-08-01,3.7,"UNRATE"
2023-09-01,3.7,"UNRATE"
2023-10-01,3.9,"UNRATE"
2023-11-01,3.7,"UNRATE"
2023-12-01,3.8,"UNRATE"
2024-01-01,3.7,"UNRATE"
2024-02-01,3.9,"UNRATE"
2024-03-01,3.9,"UNRATE"
2024-04-01,3.9,"UNRATE"
2024-05-01,3.9,"UNRATE"
2024-06-01,4.1,"UNRATE"
2024-07-01,4.2,"UNRATE"
2024-08-01,4.2,"UNRATE"
2024-09-01,4.1,"UNRATE"
2024-10-01,4.1,"UNRATE"
2024-11-01,4.2,"UNRATE"
2024-12-01,4.1,"UNRATE"
2025-01-01,4,"UNRATE"
2025-02-01,4.2,"UNRATE"
2025-03-01,4.2,"UNRATE"
2025-04-01,4.2,"UNRATE"
2025-05-01,4.3,"UNRATE"
2025-06-01,4.1,"UNRATE"
2025-07-01,4.3,"UNRATE"
2025-08-01,4.3,"UNRATE"
2025-09-01,4.4,"UNRATE"
2025-11-01,4.5,"UNRATE"
2025-12-01,4.4,"UNRATE"
2026-01-01,4.3,"UNRATE"
2015-01-01,234.747,"CPIAUCSL"
2015-02-01,235.342,"CPIAUCSL"
2015-03-01,235.976,"CPIAUCSL"
2015-04-01,236.222,"CPIAUCSL"
2015-05-01,237.001,"CPIAUCSL"
2015-06-01,237.657,"CPIAUCSL"
2015-07-01,238.034,"CPIAUCSL"
2015-08-01,238.033,"CPIAUCSL"
2015-09-01,237.498,"CPIAUCSL"
2015-10-01,237.733,"CPIAUCSL"
2015-11-01,238.017,"CPIAUCSL"
2015-12-01,237.761,"CPIAUCSL"
2016-01-01,237.652,"CPIAUCSL"
2016-02-01,237.336,"CPIAUCSL"
2016-03-01,238.08,"CPIAUCSL"
2016-04-01,238.992,"CPIAUCSL"
2016-05-01,239.557,"CPIAUCSL"
2016-06-01,240.222,"CPIAUCSL"
2016-07-01,240.101,"CPIAUCSL"
2016-08-01,240.545,"CPIAUCSL"
2016-09-01,241.176,"CPIAUCSL"
2016-10-01,241.741,"CPIAUCSL"
2016-11-01,242.026,"CPIAUCSL"
2016-12-01,242.637,"CPIAUCSL"
2017-01-01,243.618,"CPIAUCSL"
2017-02-01,244.006,"CPIAUCSL"
2017-03-01,243.892,"CPIAUCSL"
2017-04-01,244.193,"CPIAUCSL"
2017-05-01,244.004,"CPIAUCSL"
2017-06-01,244.163,"CPIAUCSL"
2017-07-01,244.243,"CPIAUCSL"
2017-08-01,245.183,"CPIAUCSL"
2017-09-01,246.435,"CPIAUCSL"
2017-10-01,246.626,"CPIAUCSL"
2017-11-01,247.284,"CPIAUCSL"
2017-12-01,247.805,"CPIAUCSL"
2018-01-01,248.859,"CPIAUCSL"
2018-02-01,249.529,"CPIAUCSL"
2018-03-01,249.577,"CPIAUCSL"
2018-04-01,250.227,"CPIAUCSL"
2018-05-01,250.792,"CPIAUCSL"
2018-06-01,251.018,"CPIAUCSL"
2018-07-01,251.214,"CPIAUCSL"
2018-08-01,251.663,"CPIAUCSL"
2018-09-01,252.182,"CPIAUCSL"
2018-10-01,252.772,"CPIAUCSL"
2018-11-01,252.594,"CPIAUCSL"
2018-12-01,252.767,"CPIAUCSL"
2019-01-01,252.561,"CPIAUCSL"
2019-02-01,253.319,"CPIAUCSL"
2019-03-01,254.277,"CPIAUCSL"
2019-04-01,255.233,"CPIAUCSL"
2019-05-01,255.296,"CPIAUCSL"
2019-06-01,255.213,"CPIAUCSL"
2019-07-01,255.802,"CPIAUCSL"
2019-08-01,256.036,"CPIAUCSL"
2019-09-01,256.43,"CPIAUCSL"
2019-10-01,257.155,"CPIAUCSL"
2019-11-01,257.879,"CPIAUCSL"
2019-12-01,258.63,"CPIAUCSL"
2020-01-01,259.127,"CPIAUCSL"
2020-02-01,259.25,"CPIAUCSL"
2020-03-01,258.076,"CPIAUCSL"
2020-04-01,256.032,"CPIAUCSL"
2020-05-01,255.802,"CPIAUCSL"
2020-06-01,257.042,"CPIAUCSL"
2020-07-01,258.352,"CPIAUCSL"
2020-08-01,259.316,"CPIAUCSL"
2020-09-01,259.997,"CPIAUCSL"
2020-10-01,260.319,"CPIAUCSL"
2020-11-01,260.911,"CPIAUCSL"
2020-12-01,262.045,"CPIAUCSL"
2021-01-01,262.687,"CPIAUCSL"
2021-02-01,263.579,"CPIAUCSL"
2021-03-01,264.961,"CPIAUCSL"
2021-04-01,266.614,"CPIAUCSL"
2021-05-01,268.383,"CPIAUCSL"
2021-06-01,270.654,"CPIAUCSL"
2021-07-01,271.903,"CPIAUCSL"
2021-08-01,272.676,"CPIAUCSL"
2021-09-01,273.91,"CPIAUCSL"
2021-10-01,276.55,"CPIAUCSL"
2021-11-01,278.919,"CPIAUCSL"
2021-12-01,280.845,"CPIAUCSL"
2022-01-01,282.543,"CPIAUCSL"
2022-02-01,284.5,"CPIAUCSL"
2022-03-01,287.674,"CPIAUCSL"
2022-04-01,288.561,"CPIAUCSL"
2022-05-01,291.298,"CPIAUCSL"
2022-06-01,294.957,"CPIAUCSL"
2022-07-01,294.913,"CPIAUCSL"
2022-08-01,295.097,"CPIAUCSL"
2022-09-01,296.349,"CPIAUCSL"
2022-10-01,298.007,"CPIAUCSL"
2022-11-01,298.786,"CPIAUCSL"
2022-12-01,298.832,"CPIAUCSL"
2023-01-01,300.42,"CPIAUCSL"
2023-02-01,301.45,"CPIAUCSL"
2023-03-01,301.821,"CPIAUCSL"
2023-04-01,302.845,"CPIAUCSL"
2023-05-01,303.334,"CPIAUCSL"
2023-06-01,304.014,"CPIAUCSL"
2023-07-01,304.609,"CPIAUCSL"
2023-08-01,306.082,"CPIAUCSL"
2023-09-01,307.276,"CPIAUCSL"
2023-10-01,307.696,"CPIAUCSL"
2023-11-01,308.148,"CPIAUCSL"
2023-12-01,308.741,"CPIAUCSL"
2024-01-01,309.698,"CPIAUCSL"
2024-02-01,310.967,"CPIAUCSL"
2024-03-01,312.345,"CPIAUCSL"
2024-04-01,313.023,"CPIAUCSL"
2024-05-01,313.175,"CPIAUCSL"
2024-06-01,313.044,"CPIAUCSL"
2024-07-01,313.569,"CPIAUCSL"
2024-08-01,314.062,"CPIAUCSL"
2024-09-01,314.732,"CPIAUCSL"
2024-10-01,315.631,"CPIAUCSL"
2024-11-01,316.528,"CPIAUCSL"
2024-12-01,317.604,"CPIAUCSL"
2025-01-01,318.961,"CPIAUCSL"
2025-02-01,319.679,"CPIAUCSL"
2025-03-01,319.785,"CPIAUCSL"
2025-04-01,320.302,"CPIAUCSL"
2025-05-01,320.62,"CPIAUCSL"
2025-06-01,321.435,"CPIAUCSL"
2025-07-01,322.169,"CPIAUCSL"
2025-08-01,323.291,"CPIAUCSL"
2025-09-01,324.245,"CPIAUCSL"
2025-11-01,325.063,"CPIAUCSL"
2025-12-01,326.031,"CPIAUCSL"
2026-01-01,326.588,"CPIAUCSL"
2015-01-02,2.12,"DGS10"
2015-01-05,2.04,"DGS10"
2015-01-06,1.97,"DGS10"
2015-01-07,1.96,"DGS10"
2015-01-08,2.03,"DGS10"
2015-01-09,1.98,"DGS10"
2015-01-12,1.92,"DGS10"
2015-01-13,1.91,"DGS10"
2015-01-14,1.86,"DGS10"
2015-01-15,1.77,"DGS10"
2015-01-16,1.83,"DGS10"
2015-01-20,1.82,"DGS10"
2015-01-21,1.87,"DGS10"
2015-01-22,1.9,"DGS10"
2015-01-23,1.81,"DGS10"
2015-01-26,1.83,"DGS10"
2015-01-27,1.83,"DGS10"
2015-01-28,1.73,"DGS10"
2015-01-29,1.77,"DGS10"
2015-01-30,1.68,"DGS10"
2015-02-02,1.68,"DGS10"
2015-02-03,1.79,"DGS10"
2015-02-04,1.81,"DGS10"
2015-02-05,1.83,"DGS10"
2015-02-06,1.95,"DGS10"
2015-02-09,1.96,"DGS10"
2015-02-10,2.01,"DGS10"
2015-02-11,2,"DGS10"
2015-02-12,1.99,"DGS10"
2015-02-13,2.02,"DGS10"
2015-02-17,2.14,"DGS10"
2015-02-18,2.07,"DGS10"
2015-02-19,2.11,"DGS10"
2015-02-20,2.13,"DGS10"
2015-02-23,2.06,"DGS10"
2015-02-24,1.99,"DGS10"
2015-02-25,1.96,"DGS10"
2015-02-26,2.03,"DGS10"
2015-02-27,2,"DGS10"
2015-03-02,2.08,"DGS10"
2015-03-03,2.12,"DGS10"
2015-03-04,2.12,"DGS10"
2015-03-05,2.11,"DGS10"
2015-03-06,2.24,"DGS10"
2015-03-09,2.2,"DGS10"
2015-03-10,2.14,"DGS10"
2015-03-11,2.11,"DGS10"
2015-03-12,2.1,"DGS10"
2015-03-13,2.13,"DGS10"
2015-03-16,2.1,"DGS10"
2015-03-17,2.06,"DGS10"
2015-03-18,1.93,"DGS10"
2015-03-19,1.98,"DGS10"
2015-03-20,1.93,"DGS10"
2015-03-23,1.92,"DGS10"
2015-03-24,1.88,"DGS10"
2015-03-25,1.93,"DGS10"
2015-03-26,2.01,"DGS10"
2015-03-27,1.95,"DGS10"
2015-03-30,1.96,"DGS10"
2015-03-31,1.94,"DGS10"
2015-04-01,1.87,"DGS10"
2015-04-02,1.92,"DGS10"
2015-04-03,1.85,"DGS10"
2015-04-06,1.92,"DGS10"
2015-04-07,1.89,"DGS10"
2015-04-08,1.92,"DGS10"
2015-04-09,1.97,"DGS10"
2015-04-10,1.96,"DGS10"
2015-04-13,1.94,"DGS10"
2015-04-14,1.9,"DGS10"
2015-04-15,1.91,"DGS10"
2015-04-16,1.9,"DGS10"
2015-04-17,1.87,"DGS10"
2015-04-20,1.9,"DGS10"
2015-04-21,1.92,"DGS10"
2015-04-22,1.99,"DGS10"
2015-04-23,1.96,"DGS10"
2015-04-24,1.93,"DGS10"
2015-04-27,1.94,"DGS10"
2015-04-28,2,"DGS10"
2015-04-29,2.06,"DGS10"
2015-04-30,2.05,"DGS10"
2015-05-01,2.12,"DGS10"
2015-05-04,2.16,"DGS10"
2015-05-05,2.19,"DGS10"
2015-05-06,2.25,"DGS10"
2015-05-07,2.18,"DGS10"
2015-05-08,2.16,"DGS10"
2015-05-11,2.28,"DGS10"
2015-05-12,2.28,"DGS10"
2015-05-13,2.27,"DGS10"
2015-05-14,2.23,"DGS10"
2015-05-15,2.14,"DGS10"
2015-05-18,2.23,"DGS10"
2015-05-19,2.27,"DGS10"
2015-05-20,2.26,"DGS10"
2015-05-21,2.19,"DGS10"
2015-05-22,2.21,"DGS10"
2015-05-26,2.14,"DGS10"
2015-05-27,2.14,"DGS10"
2015-05-28,2.13,"DGS10"
2015-05-29,2.12,"DGS10"
2015-06-01,2.19,"DGS10"
2015-06-02,2.27,"DGS10"
2015-06-03,2.38,"DGS10"
2015-06-04,2.31,"DGS10"
2015-06-05,2.41,"DGS10"
2015-06-08,2.39,"DGS10"
2015-06-09,2.42,"DGS10"
2015-06-10,2.5,"DGS10"
2015-06-11,2.39,"DGS10"
2015-06-12,2.39,"DGS10"
2015-06-15,2.36,"DGS10"
2015-06-16,2.32,"DGS10"
2015-06-17,2.32,"DGS10"
2015-06-18,2.35,"DGS10"
2015-06-19,2.26,"DGS10"
2015-06-22,2.37,"DGS10"
2015-06-23,2.42,"DGS10"
2015-06-24,2.38,"DGS10"
2015-06-25,2.4,"DGS10"
2015-06-26,2.49,"DGS10"
2015-06-29,2.33,"DGS10"
2015-06-30,2.35,"DGS10"
2015-07-01,2.43,"DGS10"
2015-07-02,2.4,"DGS10"
2015-07-06,2.3,"DGS10"
2015-07-07,2.27,"DGS10"
2015-07-08,2.22,"DGS10"
2015-07-09,2.32,"DGS10"
2015-07-10,2.42,"DGS10"
2015-07-13,2.44,"DGS10"
2015-07-14,2.41,"DGS10"
2015-07-15,2.36,"DGS10"
2015-07-16,2.36,"DGS10"
2015-07-17,2.34,"DGS10"
2015-07-20,2.38,"DGS10"
2015-07-21,2.35,"DGS10"
2015-07-22,2.33,"DGS10"
2015-07-23,2.28,"DGS10"
2015-07-24,2.27,"DGS10"
2015-07-27,2.23,"DGS10"
2015-07-28,2.26,"DGS10"
2015-07-29,2.29,"DGS10"
2015-07-30,2.28,"DGS10"
2015-07-31,2.2,"DGS10"
2015-08-03,2.16,"DGS10"
2015-08-04,2.23,"DGS10"
2015-08-05,2.28,"DGS10"
2015-08-06,2.23,"DGS10"
2015-08-07,2.18,"DGS10"
2015-08-10,2.24,"DGS10"
2015-08-11,2.15,"DGS10"
2015-08-12,2.14,"DGS10"
2015-08-13,2.19,"DGS10"
2015-08-14,2.2,"DGS10"
2015-08-17,2.16,"DGS10"
2015-08-18,2.2,"DGS10"
2015-08-19,2.12,"DGS10"
2015-08-20,2.09,"DGS10"
2015-08-21,2.05,"DGS10"
2015-08-24,2.01,"DGS10"
2015-08-25,2.12,"DGS10"
2015-08-26,2.18,"DGS10"
2015-08-27,2.18,"DGS10"
2015-08-28,2.19,"DGS10"
2015-08-31,2.21,"DGS10"
2015-09-01,2.17,"DGS10"
2015-09-02,2.2,"DGS10"
2015-09-03,2.18,"DGS10"
2015-09-04,2.13,"DGS10"
2015-09-08,2.2,"DGS10"
2015-09-09,2.21,"DGS10"
2015-09-10,2.23,"DGS10"
2015-09-11,2.2,"DGS10"
2015-09-14,2.18,"DGS10"
2015-09-15,2.28,"DGS10"
2015-09-16,2.3,"DGS10"
2015-09-17,2.21,"DGS10"
2015-09-18,2.13,"DGS10"
2015-09-21,2.2,"DGS10"
2015-09-22,2.14,"DGS10"
2015-09-23,2.16,"DGS10"
2015-09-24,2.13,"DGS10"
2015-09-25,2.17,"DGS10"
2015-09-28,2.1,"DGS10"
2015-09-29,2.05,"DGS10"
2015-09-30,2.06,"DGS10"
2015-10-01,2.05,"DGS10"
2015-10-02,1.99,"DGS10"
2015-10-05,2.07,"DGS10"
2015-10-06,2.05,"DGS10"
2015-10-07,2.08,"DGS10"
2015-10-08,2.12,"DGS10"
2015-10-09,2.12,"DGS10"
2015-10-13,2.06,"DGS10"
2015-10-14,1.99,"DGS10"
2015-10-15,2.04,"DGS10"
2015-10-16,2.04,"DGS10"
2015-10-19,2.04,"DGS10"
2015-10-20,2.08,"DGS10"
2015-10-21,2.04,"DGS10"
2015-10-22,2.04,"DGS10"
2015-10-23,2.09,"DGS10"
2015-10-26,2.07,"DGS10"
2015-10-27,2.05,"DGS10"
2015-10-28,2.1,"DGS10"
2015-10-29,2.19,"DGS10"
2015-10-30,2.16,"DGS10"
2015-11-02,2.2,"DGS10"
2015-11-03,2.23,"DGS10"
2015-11-04,2.25,"DGS10"
2015-11-05,2.26,"DGS10"
2015-11-06,2.34,"DGS10"
2015-11-09,2.36,"DGS10"
2015-11-10,2.32,"DGS10"
2015-11-12,2.32,"DGS10"
2015-11-13,2.28,"DGS10"
2015-11-16,2.27,"DGS10"
2015-11-17,2.25,"DGS10"
2015-11-18,2.27,"DGS10"
2015-11-19,2.24,"DGS10"
2015-11-20,2.26,"DGS10"
2015-11-23,2.25,"DGS10"
2015-11-24,2.24,"DGS10"
2015-11-25,2.23,"DGS10"
2015-11-27,2.22,"DGS10"
2015-11-30,2.21,"DGS10"
2015-12-01,2.15,"DGS10"
2015-12-02,2.18,"DGS10"
2015-12-03,2.33,"DGS10"
2015-12-04,2.28,"DGS10"
2015-12-07,2.23,"DGS10"
2015-12-08,2.24,"DGS10"
2015-12-09,2.22,"DGS10"
2015-12-10,2.24,"DGS10"
2015-12-11,2.13,"DGS10"
2015-12-14,2.23,"DGS10"
2015-12-15,2.28,"DGS10"
2015-12-16,2.3,"DGS10"
2015-12-17,2.24,"DGS10"
2015-12-18,2.19,"DGS10"
2015-12-21,2.2,"DGS10"
2015-12-22,2.24,"DGS10"
2015-12-23,2.27,"DGS10"
2015-12-24,2.25,"DGS10"
2015-12-28,2.24,"DGS10"
2015-12-29,2.32,"DGS10"
2015-12-30,2.31,"DGS10"
2015-12-31,2.27,"DGS10"
2016-01-04,2.24,"DGS10"
2016-01-05,2.25,"DGS10"
2016-01-06,2.18,"DGS10"
2016-01-07,2.16,"DGS10"
2016-01-08,2.13,"DGS10"
2016-01-11,2.17,"DGS10"
2016-01-12,2.12,"DGS10"
2016-01-13,2.08,"DGS10"
2016-01-14,2.1,"DGS10"
2016-01-15,2.03,"DGS10"
2016-01-19,2.06,"DGS10"
2016-01-20,2.01,"DGS10"
2016-01-21,2.02,"DGS10"
2016-01-22,2.07,"DGS10"
2016-01-25,2.03,"DGS10"
2016-01-26,2.01,"DGS10"
2016-01-27,2.02,"DGS10"
2016-01-28,2,"DGS10"
2016-01-29,1.94,"DGS10"
2016-02-01,1.97,"DGS10"
2016-02-02,1.87,"DGS10"
2016-02-03,1.88,"DGS10"
2016-02-04,1.87,"DGS10"
2016-02-05,1.86,"DGS10"
2016-02-08,1.75,"DGS10"
2016-02-09,1.74,"DGS10"
2016-02-10,1.71,"DGS10"
2016-02-11,1.63,"DGS10"
2016-02-12,1.74,"DGS10"
2016-02-16,1.78,"DGS10"
2016-02-17,1.81,"DGS10"
2016-02-18,1.75,"DGS10"
2016-02-19,1.76,"DGS10"
2016-02-22,1.77,"DGS10"
2016-02-23,1.74,"DGS10"
2016-02-24,1.75,"DGS10"
2016-02-25,1.71,"DGS10"
2016-02-26,1.76,"DGS10"
2016-02-29,1.74,"DGS10"
2016-03-01,1.83,"DGS10"
2016-03-02,1.84,"DGS10"
2016-03-03,1.83,"DGS10"
2016-03-04,1.88,"DGS10"
2016-03-07,1.91,"DGS10"
2016-03-08,1.83,"DGS10"
2016-03-09,1.9,"DGS10"
2016-03-10,1.93,"DGS10"
2016-03-11,1.98,"DGS10"
2016-03-14,1.97,"DGS10"
2016-03-15,1.97,"DGS10"
2016-03-16,1.94,"DGS10"
2016-03-17,1.91,"DGS10"
2016-03-18,1.88,"DGS10"
2016-03-21,1.92,"DGS10"
2016-03-22,1.94,"DGS10"
2016-03-23,1.88,"DGS10"
2016-03-24,1.91,"DGS10"
2016-03-28,1.89,"DGS10"
2016-03-29,1.81,"DGS10"
2016-03-30,1.83,"DGS10"
2016-03-31,1.78,"DGS10"
2016-04-01,1.79,"DGS10"
2016-04-04,1.78,"DGS10"
2016-04-05,1.73,"DGS10"
2016-04-06,1.76,"DGS10"
2016-04-07,1.7,"DGS10"
2016-04-08,1.72,"DGS10"
2016-04-11,1.73,"DGS10"
2016-04-12,1.79,"DGS10"
2016-04-13,1.77,"DGS10"
2016-04-14,1.8,"DGS10"
2016-04-15,1.76,"DGS10"
2016-04-18,1.78,"DGS10"
2016-04-19,1.79,"DGS10"
2016-04-20,1.85,"DGS10"
2016-04-21,1.88,"DGS10"
2016-04-22,1.89,"DGS10"
2016-04-25,1.91,"DGS10"
2016-04-26,1.94,"DGS10"
2016-04-27,1.87,"DGS10"
2016-04-28,1.84,"DGS10"
2016-04-29,1.83,"DGS10"
2016-05-02,1.88,"DGS10"
2016-05-03,1.81,"DGS10"
2016-05-04,1.79,"DGS10"
2016-05-05,1.76,"DGS10"
2016-05-06,1.79,"DGS10"
2016-05-09,1.77,"DGS10"
2016-05-10,1.77,"DGS10"
2016-05-11,1.73,"DGS10"
2016-05-12,1.75,"DGS10"
2016-05-13,1.71,"DGS10"
2016-05-16,1.75,"DGS10"
2016-05-17,1.76,"DGS10"
2016-05-18,1.87,"DGS10"
2016-05-19,1.85,"DGS10"
2016-05-20,1.85,"DGS10"
2016-05-23,1.84,"DGS10"
2016-05-24,1.86,"DGS10"
2016-05-25,1.87,"DGS10"
2016-05-26,1.83,"DGS10"
2016-05-27,1.85,"DGS10"
2016-05-31,1.84,"DGS10"
2016-06-01,1.85,"DGS10"
2016-06-02,1.81,"DGS10"
2016-06-03,1.71,"DGS10"
2016-06-06,1.73,"DGS10"
2016-06-07,1.72,"DGS10"
2016-06-08,1.71,"DGS10"
2016-06-09,1.68,"DGS10"
2016-06-10,1.64,"DGS10"
2016-06-13,1.62,"DGS10"
2016-06-14,1.62,"DGS10"
2016-06-15,1.6,"DGS10"
2016-06-16,1.57,"DGS10"
2016-06-17,1.62,"DGS10"
2016-06-20,1.67,"DGS10"
2016-06-21,1.71,"DGS10"
2016-06-22,1.69,"DGS10"
2016-06-23,1.74,"DGS10"
2016-06-24,1.57,"DGS10"
2016-06-27,1.46,"DGS10"
2016-06-28,1.46,"DGS10"
2016-06-29,1.5,"DGS10"
2016-06-30,1.49,"DGS10"
2016-07-01,1.46,"DGS10"
2016-07-05,1.37,"DGS10"
2016-07-06,1.38,"DGS10"
2016-07-07,1.4,"DGS10"
2016-07-08,1.37,"DGS10"
2016-07-11,1.43,"DGS10"
2016-07-12,1.53,"DGS10"
2016-07-13,1.48,"DGS10"
2016-07-14,1.53,"DGS10"
2016-07-15,1.6,"DGS10"
2016-07-18,1.59,"DGS10"
2016-07-19,1.56,"DGS10"
2016-07-20,1.59,"DGS10"
2016-07-21,1.57,"DGS10"
2016-07-22,1.57,"DGS10"
2016-07-25,1.58,"DGS10"
2016-07-26,1.57,"DGS10"
2016-07-27,1.52,"DGS10"
2016-07-28,1.52,"DGS10"
2016-07-29,1.46,"DGS10"
2016-08-01,1.51,"DGS10"
2016-08-02,1.55,"DGS10"
2016-08-03,1.55,"DGS10"
2016-08-04,1.51,"DGS10"
2016-08-05,1.59,"DGS10"
2016-08-08,1.59,"DGS10"
2016-08-09,1.55,"DGS10"
2016-08-10,1.5,"DGS10"
2016-08-11,1.57,"DGS10"
2016-08-12,1.51,"DGS10"
2016-08-15,1.55,"DGS10"
2016-08-16,1.57,"DGS10"
2016-08-17,1.56,"DGS10"
2016-08-18,1.53,"DGS10"
2016-08-19,1.58,"DGS10"
2016-08-22,1.55,"DGS10"
2016-08-23,1.55,"DGS10"
2016-08-24,1.56,"DGS10"
2016-08-25,1.58,"DGS10"
2016-08-26,1.62,"DGS10"
2016-08-29,1.57,"DGS10"
2016-08-30,1.57,"DGS10"
2016-08-31,1.58,"DGS10"
2016-09-01,1.57,"DGS10"
2016-09-02,1.6,"DGS10"
2016-09-06,1.55,"DGS10"
2016-09-07,1.54,"DGS10"
2016-09-08,1.61,"DGS10"
2016-09-09,1.67,"DGS10"
2016-09-12,1.68,"DGS10"
2016-09-13,1.73,"DGS10"
2016-09-14,1.7,"DGS10"
2016-09-15,1.71,"DGS10"
2016-09-16,1.7,"DGS10"
2016-09-19,1.7,"DGS10"
2016-09-20,1.69,"DGS10"
2016-09-21,1.66,"DGS10"
2016-09-22,1.63,"DGS10"
2016-09-23,1.62,"DGS10"
2016-09-26,1.59,"DGS10"
2016-09-27,1.56,"DGS10"
2016-09-28,1.57,"DGS10"
2016-09-29,1.56,"DGS10"
2016-09-30,1.6,"DGS10"
2016-10-03,1.63,"DGS10"
2016-10-04,1.69,"DGS10"
2016-10-05,1.72,"DGS10"
2016-10-06,1.75,"DGS10"
2016-10-07,1.73,"DGS10"
2016-10-11,1.77,"DGS10"
2016-10-12,1.79,"DGS10"
2016-10-13,1.75,"DGS10"
2016-10-14,1.8,"DGS10"
2016-10-17,1.77,"DGS10"
2016-10-18,1.75,"DGS10"
2016-10-19,1.76,"DGS10"
2016-10-20,1.76,"DGS10"
2016-10-21,1.74,"DGS10"
2016-10-24,1.77,"DGS10"
2016-10-25,1.77,"DGS10"
2016-10-26,1.79,"DGS10"
2016-10-27,1.85,"DGS10"
2016-10-28,1.86,"DGS10"
2016-10-31,1.84,"DGS10"
2016-11-01,1.83,"DGS10"
2016-11-02,1.81,"DGS10"
2016-11-03,1.82,"DGS10"
2016-11-04,1.79,"DGS10"
2016-11-07,1.83,"DGS10"
2016-11-08,1.88,"DGS10"
2016-11-09,2.07,"DGS10"
2016-11-10,2.15,"DGS10"
2016-11-14,2.23,"DGS10"
2016-11-15,2.23,"DGS10"
2016-11-16,2.22,"DGS10"
2016-11-17,2.29,"DGS10"
2016-11-18,2.34,"DGS10"
2016-11-21,2.33,"DGS10"
2016-11-22,2.31,"DGS10"
2016-11-23,2.36,"DGS10"
2016-11-25,2.36,"DGS10"
2016-11-28,2.32,"DGS10"
2016-11-29,2.3,"DGS10"
2016-11-30,2.37,"DGS10"
2016-12-01,2.45,"DGS10"
2016-12-02,2.4,"DGS10"
2016-12-05,2.39,"DGS10"
2016-12-06,2.39,"DGS10"
2016-12-07,2.34,"DGS10"
2016-12-08,2.4,"DGS10"
2016-12-09,2.47,"DGS10"
2016-12-12,2.49,"DGS10"
2016-12-13,2.48,"DGS10"
2016-12-14,2.54,"DGS10"
2016-12-15,2.6,"DGS10"
2016-12-16,2.6,"DGS10"
2016-12-19,2.54,"DGS10"
2016-12-20,2.57,"DGS10"
2016-12-21,2.55,"DGS10"
2016-12-22,2.55,"DGS10"
2016-12-23,2.55,"DGS10"
2016-12-27,2.57,"DGS10"
2016-12-28,2.51,"DGS10"
2016-12-29,2.49,"DGS10"
2016-12-30,2.45,"DGS10"
2017-01-03,2.45,"DGS10"
2017-01-04,2.46,"DGS10"
2017-01-05,2.37,"DGS10"
2017-01-06,2.42,"DGS10"
2017-01-09,2.38,"DGS10"
2017-01-10,2.38,"DGS10"
2017-01-11,2.38,"DGS10"
2017-01-12,2.36,"DGS10"
2017-01-13,2.4,"DGS10"
2017-01-17,2.33,"DGS10"
2017-01-18,2.42,"DGS10"
2017-01-19,2.47,"DGS10"
2017-01-20,2.48,"DGS10"
2017-01-23,2.41,"DGS10"
2017-01-24,2.47,"DGS10"
2017-01-25,2.53,"DGS10"
2017-01-26,2.51,"DGS10"
2017-01-27,2.49,"DGS10"
2017-01-30,2.49,"DGS10"
2017-01-31,2.45,"DGS10"
2017-02-01,2.48,"DGS10"
2017-02-02,2.48,"DGS10"
2017-02-03,2.49,"DGS10"
2017-02-06,2.42,"DGS10"
2017-02-07,2.4,"DGS10"
2017-02-08,2.34,"DGS10"
2017-02-09,2.4,"DGS10"
2017-02-10,2.41,"DGS10"
2017-02-13,2.43,"DGS10"
2017-02-14,2.47,"DGS10"
2017-02-15,2.51,"DGS10"
2017-02-16,2.45,"DGS10"
2017-02-17,2.42,"DGS10"
2017-02-21,2.43,"DGS10"
2017-02-22,2.42,"DGS10"
2017-02-23,2.38,"DGS10"
2017-02-24,2.31,"DGS10"
2017-02-27,2.36,"DGS10"
2017-02-28,2.36,"DGS10"
2017-03-01,2.46,"DGS10"
2017-03-02,2.49,"DGS10"
2017-03-03,2.49,"DGS10"
2017-03-06,2.49,"DGS10"
2017-03-07,2.52,"DGS10"
2017-03-08,2.57,"DGS10"
2017-03-09,2.6,"DGS10"
2017-03-10,2.58,"DGS10"
2017-03-13,2.62,"DGS10"
2017-03-14,2.6,"DGS10"
2017-03-15,2.51,"DGS10"
2017-03-16,2.53,"DGS10"
2017-03-17,2.5,"DGS10"
2017-03-20,2.47,"DGS10"
2017-03-21,2.43,"DGS10"
2017-03-22,2.4,"DGS10"
2017-03-23,2.41,"DGS10"
2017-03-24,2.4,"DGS10"
2017-03-27,2.38,"DGS10"
2017-03-28,2.42,"DGS10"
2017-03-29,2.39,"DGS10"
2017-03-30,2.42,"DGS10"
2017-03-31,2.4,"DGS10"
2017-04-03,2.35,"DGS10"
2017-04-04,2.36,"DGS10"
2017-04-05,2.34,"DGS10"
2017-04-06,2.34,"DGS10"
2017-04-07,2.38,"DGS10"
2017-04-10,2.37,"DGS10"
2017-04-11,2.32,"DGS10"
2017-04-12,2.28,"DGS10"
2017-04-13,2.24,"DGS10"
2017-04-17,2.26,"DGS10"
2017-04-18,2.18,"DGS10"
2017-04-19,2.21,"DGS10"
2017-04-20,2.24,"DGS10"
2017-04-21,2.24,"DGS10"
2017-04-24,2.28,"DGS10"
2017-04-25,2.35,"DGS10"
2017-04-26,2.32,"DGS10"
2017-04-27,2.3,"DGS10"
2017-04-28,2.29,"DGS10"
2017-05-01,2.33,"DGS10"
2017-05-02,2.29,"DGS10"
2017-05-03,2.33,"DGS10"
2017-05-04,2.36,"DGS10"
2017-05-05,2.36,"DGS10"
2017-05-08,2.39,"DGS10"
2017-05-09,2.42,"DGS10"
2017-05-10,2.41,"DGS10"
2017-05-11,2.39,"DGS10"
2017-05-12,2.33,"DGS10"
2017-05-15,2.34,"DGS10"
2017-05-16,2.33,"DGS10"
2017-05-17,2.22,"DGS10"
2017-05-18,2.23,"DGS10"
2017-05-19,2.23,"DGS10"
2017-05-22,2.25,"DGS10"
2017-05-23,2.29,"DGS10"
2017-05-24,2.26,"DGS10"
2017-05-25,2.25,"DGS10"
2017-05-26,2.25,"DGS10"
2017-05-30,2.21,"DGS10"
2017-05-31,2.21,"DGS10"
2017-06-01,2.21,"DGS10"
2017-06-02,2.15,"DGS10"
2017-06-05,2.18,"DGS10"
2017-06-06,2.14,"DGS10"
2017-06-07,2.18,"DGS10"
2017-06-08,2.19,"DGS10"
2017-06-09,2.21,"DGS10"
2017-06-12,2.21,"DGS10"
2017-06-13,2.21,"DGS10"
2017-06-14,2.15,"DGS10"
2017-06-15,2.16,"DGS10"
2017-06-16,2.16,"DGS10"
2017-06-19,2.19,"DGS10"
2017-06-20,2.16,"DGS10"
2017-06-21,2.16,"DGS10"
2017-06-22,2.15,"DGS10"
2017-06-23,2.15,"DGS10"
2017-06-26,2.14,"DGS10"
2017-06-27,2.21,"DGS10"
2017-06-28,2.22,"DGS10"
2017-06-29,2.27,"DGS10"
2017-06-30,2.31,"DGS10"
2017-07-03,2.35,"DGS10"
2017-07-05,2.33,"DGS10"
2017-07-06,2.37,"DGS10"
2017-07-07,2.39,"DGS10"
2017-07-10,2.38,"DGS10"
2017-07-11,2.37,"DGS10"
2017-07-12,2.33,"DGS10"
2017-07-13,2.35,"DGS10"
2017-07-14,2.33,"DGS10"
2017-07-17,2.31,"DGS10"
2017-07-18,2.27,"DGS10"
2017-07-19,2.27,"DGS10"
2017-07-20,2.27,"DGS10"
2017-07-21,2.24,"DGS10"
2017-07-24,2.26,"DGS10"
2017-07-25,2.33,"DGS10"
2017-07-26,2.29,"DGS10"
2017-07-27,2.32,"DGS10"
2017-07-28,2.3,"DGS10"
2017-07-31,2.3,"DGS10"
2017-08-01,2.26,"DGS10"
2017-08-02,2.27,"DGS10"
2017-08-03,2.24,"DGS10"
2017-08-04,2.27,"DGS10"
2017-08-07,2.26,"DGS10"
2017-08-08,2.29,"DGS10"
2017-08-09,2.24,"DGS10"
2017-08-10,2.2,"DGS10"
2017-08-11,2.19,"DGS10"
2017-08-14,2.22,"DGS10"
2017-08-15,2.27,"DGS10"
2017-08-16,2.23,"DGS10"
2017-08-17,2.19,"DGS10"
2017-08-18,2.19,"DGS10"
2017-08-21,2.18,"DGS10"
2017-08-22,2.22,"DGS10"
2017-08-23,2.17,"DGS10"
2017-08-24,2.19,"DGS10"
2017-08-25,2.17,"DGS10"
2017-08-28,2.16,"DGS10"
2017-08-29,2.13,"DGS10"
2017-08-30,2.15,"DGS10"
2017-08-31,2.12,"DGS10"
2017-09-01,2.16,"DGS10"
2017-09-05,2.07,"DGS10"
2017-09-06,2.1,"DGS10"
2017-09-07,2.05,"DGS10"
2017-09-08,2.06,"DGS10"
2017-09-11,2.14,"DGS10"
2017-09-12,2.17,"DGS10"
2017-09-13,2.2,"DGS10"
2017-09-14,2.2,"DGS10"
2017-09-15,2.2,"DGS10"
2017-09-18,2.23,"DGS10"
2017-09-19,2.24,"DGS10"
2017-09-20,2.28,"DGS10"
2017-09-21,2.27,"DGS10"
2017-09-22,2.26,"DGS10"
2017-09-25,2.22,"DGS10"
2017-09-26,2.24,"DGS10"
2017-09-27,2.31,"DGS10"
2017-09-28,2.31,"DGS10"
2017-09-29,2.33,"DGS10"
2017-10-02,2.34,"DGS10"
2017-10-03,2.33,"DGS10"
2017-10-04,2.33,"DGS10"
2017-10-05,2.35,"DGS10"
2017-10-06,2.37,"DGS10"
2017-10-10,2.35,"DGS10"
2017-10-11,2.35,"DGS10"
2017-10-12,2.33,"DGS10"
2017-10-13,2.28,"DGS10"
2017-10-16,2.3,"DGS10"
2017-10-17,2.3,"DGS10"
2017-10-18,2.34,"DGS10"
2017-10-19,2.33,"DGS10"
2017-10-20,2.39,"DGS10"
2017-10-23,2.38,"DGS10"
2017-10-24,2.42,"DGS10"
2017-10-25,2.44,"DGS10"
2017-10-26,2.46,"DGS10"
2017-10-27,2.42,"DGS10"
2017-10-30,2.37,"DGS10"
2017-10-31,2.38,"DGS10"
2017-11-01,2.37,"DGS10"
2017-11-02,2.35,"DGS10"
2017-11-03,2.34,"DGS10"
2017-11-06,2.32,"DGS10"
2017-11-07,2.32,"DGS10"
2017-11-08,2.32,"DGS10"
2017-11-09,2.33,"DGS10"
2017-11-10,2.4,"DGS10"
2017-11-13,2.4,"DGS10"
2017-11-14,2.38,"DGS10"
2017-11-15,2.33,"DGS10"
2017-11-16,2.37,"DGS10"
2017-11-17,2.35,"DGS10"
2017-11-20,2.37,"DGS10"
2017-11-21,2.36,"DGS10"
2017-11-22,2.32,"DGS10"
2017-11-24,2.34,"DGS10"
2017-11-27,2.32,"DGS10"
2017-11-28,2.34,"DGS10"
2017-11-29,2.37,"DGS10"
2017-11-30,2.42,"DGS10"
2017-12-01,2.37,"DGS10"
2017-12-04,2.37,"DGS10"
2017-12-05,2.36,"DGS10"
2017-12-06,2.33,"DGS10"
2017-12-07,2.37,"DGS10"
2017-12-08,2.38,"DGS10"
2017-12-11,2.39,"DGS10"
2017-12-12,2.4,"DGS10"
2017-12-13,2.36,"DGS10"
2017-12-14,2.35,"DGS10"
2017-12-15,2.35,"DGS10"
2017-12-18,2.39,"DGS10"
2017-12-19,2.46,"DGS10"
2017-12-20,2.49,"DGS10"
2017-12-21,2.48,"DGS10"
2017-12-22,2.48,"DGS10"
2017-12-26,2.47,"DGS10"
2017-12-27,2.42,"DGS10"
2017-12-28,2.43,"DGS10"
2017-12-29,2.4,"DGS10"
2018-01-02,2.46,"DGS10"
2018-01-03,2.44,"DGS10"
2018-01-04,2.46,"DGS10"
2018-01-05,2.47,"DGS10"
2018-01-08,2.49,"DGS10"
2018-01-09,2.55,"DGS10"
2018-01-10,2.55,"DGS10"
2018-01-11,2.54,"DGS10"
2018-01-12,2.55,"DGS10"
2018-01-16,2.54,"DGS10"
2018-01-17,2.57,"DGS10"
2018-01-18,2.62,"DGS10"
2018-01-19,2.64,"DGS10"
2018-01-22,2.66,"DGS10"
2018-01-23,2.63,"DGS10"
2018-01-24,2.65,"DGS10"
2018-01-25,2.63,"DGS10"
2018-01-26,2.66,"DGS10"
2018-01-29,2.7,"DGS10"
2018-01-30,2.73,"DGS10"
2018-01-31,2.72,"DGS10"
2018-02-01,2.78,"DGS10"
2018-02-02,2.84,"DGS10"
2018-02-05,2.77,"DGS10"
2018-02-06,2.79,"DGS10"
2018-02-07,2.84,"DGS10"
2018-02-08,2.85,"DGS10"
2018-02-09,2.83,"DGS10"
2018-02-12,2.86,"DGS10"
2018-02-13,2.83,"DGS10"
2018-02-14,2.91,"DGS10"
2018-02-15,2.9,"DGS10"
2018-02-16,2.87,"DGS10"
2018-02-20,2.88,"DGS10"
2018-02-21,2.94,"DGS10"
2018-02-22,2.92,"DGS10"
2018-02-23,2.88,"DGS10"
2018-02-26,2.86,"DGS10"
2018-02-27,2.9,"DGS10"
2018-02-28,2.87,"DGS10"
2018-03-01,2.81,"DGS10"
2018-03-02,2.86,"DGS10"
2018-03-05,2.88,"DGS10"
2018-03-06,2.88,"DGS10"
2018-03-07,2.89,"DGS10"
2018-03-08,2.86,"DGS10"
2018-03-09,2.9,"DGS10"
2018-03-12,2.87,"DGS10"
2018-03-13,2.84,"DGS10"
2018-03-14,2.81,"DGS10"
2018-03-15,2.82,"DGS10"
2018-03-16,2.85,"DGS10"
2018-03-19,2.85,"DGS10"
2018-03-20,2.89,"DGS10"
2018-03-21,2.89,"DGS10"
2018-03-22,2.83,"DGS10"
2018-03-23,2.82,"DGS10"
2018-03-26,2.85,"DGS10"
2018-03-27,2.78,"DGS10"
2018-03-28,2.77,"DGS10"
2018-03-29,2.74,"DGS10"
2018-04-02,2.73,"DGS10"
2018-04-03,2.79,"DGS10"
2018-04-04,2.79,"DGS10"
2018-04-05,2.83,"DGS10"
2018-04-06,2.77,"DGS10"
2018-04-09,2.78,"DGS10"
2018-04-10,2.8,"DGS10"
2018-04-11,2.79,"DGS10"
2018-04-12,2.83,"DGS10"
2018-04-13,2.82,"DGS10"
2018-04-16,2.83,"DGS10"
2018-04-17,2.82,"DGS10"
2018-04-18,2.87,"DGS10"
2018-04-19,2.92,"DGS10"
2018-04-20,2.96,"DGS10"
2018-04-23,2.98,"DGS10"
2018-04-24,3,"DGS10"
2018-04-25,3.03,"DGS10"
2018-04-26,3,"DGS10"
2018-04-27,2.96,"DGS10"
2018-04-30,2.95,"DGS10"
2018-05-01,2.97,"DGS10"
2018-05-02,2.97,"DGS10"
2018-05-03,2.94,"DGS10"
2018-05-04,2.95,"DGS10"
2018-05-07,2.95,"DGS10"
2018-05-08,2.97,"DGS10"
2018-05-09,3,"DGS10"
2018-05-10,2.97,"DGS10"
2018-05-11,2.97,"DGS10"
2018-05-14,3,"DGS10"
2018-05-15,3.08,"DGS10"
2018-05-16,3.09,"DGS10"
2018-05-17,3.11,"DGS10"
2018-05-18,3.06,"DGS10"
2018-05-21,3.06,"DGS10"
2018-05-22,3.06,"DGS10"
2018-05-23,3.01,"DGS10"
2018-05-24,2.98,"DGS10"
2018-05-25,2.93,"DGS10"
2018-05-29,2.77,"DGS10"
2018-05-30,2.84,"DGS10"
2018-05-31,2.83,"DGS10"
2018-06-01,2.89,"DGS10"
2018-06-04,2.94,"DGS10"
2018-06-05,2.92,"DGS10"
2018-06-06,2.97,"DGS10"
2018-06-07,2.93,"DGS10"
2018-06-08,2.93,"DGS10"
2018-06-11,2.96,"DGS10"
2018-06-12,2.96,"DGS10"
2018-06-13,2.98,"DGS10"
2018-06-14,2.94,"DGS10"
2018-06-15,2.93,"DGS10"
2018-06-18,2.92,"DGS10"
2018-06-19,2.89,"DGS10"
2018-06-20,2.93,"DGS10"
2018-06-21,2.9,"DGS10"
2018-06-22,2.9,"DGS10"
2018-06-25,2.87,"DGS10"
2018-06-26,2.88,"DGS10"
2018-06-27,2.83,"DGS10"
2018-06-28,2.84,"DGS10"
2018-06-29,2.85,"DGS10"
2018-07-02,2.87,"DGS10"
2018-07-03,2.83,"DGS10"
2018-07-05,2.84,"DGS10"
2018-07-06,2.82,"DGS10"
2018-07-09,2.86,"DGS10"
2018-07-10,2.87,"DGS10"
2018-07-11,2.85,"DGS10"
2018-07-12,2.85,"DGS10"
2018-07-13,2.83,"DGS10"
2018-07-16,2.85,"DGS10"
2018-07-17,2.86,"DGS10"
2018-07-18,2.88,"DGS10"
2018-07-19,2.84,"DGS10"
2018-07-20,2.89,"DGS10"
2018-07-23,2.96,"DGS10"
2018-07-24,2.95,"DGS10"
2018-07-25,2.94,"DGS10"
2018-07-26,2.98,"DGS10"
2018-07-27,2.96,"DGS10"
2018-07-30,2.98,"DGS10"
2018-07-31,2.96,"DGS10"
2018-08-01,3,"DGS10"
2018-08-02,2.98,"DGS10"
2018-08-03,2.95,"DGS10"
2018-08-06,2.94,"DGS10"
2018-08-07,2.98,"DGS10"
2018-08-08,2.96,"DGS10"
2018-08-09,2.93,"DGS10"
2018-08-10,2.87,"DGS10"
2018-08-13,2.88,"DGS10"
2018-08-14,2.89,"DGS10"
2018-08-15,2.86,"DGS10"
2018-08-16,2.87,"DGS10"
2018-08-17,2.87,"DGS10"
2018-08-20,2.82,"DGS10"
2018-08-21,2.85,"DGS10"
2018-08-22,2.82,"DGS10"
2018-08-23,2.82,"DGS10"
2018-08-24,2.82,"DGS10"
2018-08-27,2.85,"DGS10"
2018-08-28,2.88,"DGS10"
2018-08-29,2.89,"DGS10"
2018-08-30,2.86,"DGS10"
2018-08-31,2.86,"DGS10"
2018-09-04,2.9,"DGS10"
2018-09-05,2.9,"DGS10"
2018-09-06,2.88,"DGS10"
2018-09-07,2.94,"DGS10"
2018-09-10,2.94,"DGS10"
2018-09-11,2.98,"DGS10"
2018-09-12,2.97,"DGS10"
2018-09-13,2.97,"DGS10"
2018-09-14,2.99,"DGS10"
2018-09-17,2.99,"DGS10"
2018-09-18,3.05,"DGS10"
2018-09-19,3.08,"DGS10"
2018-09-20,3.07,"DGS10"
2018-09-21,3.07,"DGS10"
2018-09-24,3.08,"DGS10"
2018-09-25,3.1,"DGS10"
2018-09-26,3.06,"DGS10"
2018-09-27,3.06,"DGS10"
2018-09-28,3.05,"DGS10"
2018-10-01,3.09,"DGS10"
2018-10-02,3.05,"DGS10"
2018-10-03,3.15,"DGS10"
2018-10-04,3.19,"DGS10"
2018-10-05,3.23,"DGS10"
2018-10-09,3.21,"DGS10"
2018-10-10,3.22,"DGS10"
2018-10-11,3.14,"DGS10"
2018-10-12,3.15,"DGS10"
2018-10-15,3.16,"DGS10"
2018-10-16,3.16,"DGS10"
2018-10-17,3.19,"DGS10"
2018-10-18,3.17,"DGS10"
2018-10-19,3.2,"DGS10"
2018-10-22,3.2,"DGS10"
2018-10-23,3.17,"DGS10"
2018-10-24,3.1,"DGS10"
2018-10-25,3.14,"DGS10"
2018-10-26,3.08,"DGS10"
2018-10-29,3.08,"DGS10"
2018-10-30,3.12,"DGS10"
2018-10-31,3.15,"DGS10"
2018-11-01,3.14,"DGS10"
2018-11-02,3.22,"DGS10"
2018-11-05,3.2,"DGS10"
2018-11-06,3.22,"DGS10"
2018-11-07,3.22,"DGS10"
2018-11-08,3.24,"DGS10"
2018-11-09,3.19,"DGS10"
2018-11-13,3.14,"DGS10"
2018-11-14,3.12,"DGS10"
2018-11-15,3.11,"DGS10"
2018-11-16,3.08,"DGS10"
2018-11-19,3.06,"DGS10"
2018-11-20,3.06,"DGS10"
2018-11-21,3.06,"DGS10"
2018-11-23,3.05,"DGS10"
2018-11-26,3.07,"DGS10"
2018-11-27,3.06,"DGS10"
2018-11-28,3.06,"DGS10"
2018-11-29,3.03,"DGS10"
2018-11-30,3.01,"DGS10"
2018-12-03,2.98,"DGS10"
2018-12-04,2.91,"DGS10"
2018-12-06,2.87,"DGS10"
2018-12-07,2.85,"DGS10"
2018-12-10,2.85,"DGS10"
2018-12-11,2.89,"DGS10"
2018-12-12,2.91,"DGS10"
2018-12-13,2.91,"DGS10"
2018-12-14,2.89,"DGS10"
2018-12-17,2.86,"DGS10"
2018-12-18,2.82,"DGS10"
2018-12-19,2.77,"DGS10"
2018-12-20,2.79,"DGS10"
2018-12-21,2.79,"DGS10"
2018-12-24,2.74,"DGS10"
2018-12-26,2.81,"DGS10"
2018-12-27,2.77,"DGS10"
2018-12-28,2.72,"DGS10"
2018-12-31,2.69,"DGS10"
2019-01-02,2.66,"DGS10"
2019-01-03,2.56,"DGS10"
2019-01-04,2.67,"DGS10"
2019-01-07,2.7,"DGS10"
2019-01-08,2.73,"DGS10"
2019-01-09,2.74,"DGS10"
2019-01-10,2.74,"DGS10"
2019-01-11,2.71,"DGS10"
2019-01-14,2.71,"DGS10"
2019-01-15,2.72,"DGS10"
2019-01-16,2.73,"DGS10"
2019-01-17,2.75,"DGS10"
2019-01-18,2.79,"DGS10"
2019-01-22,2.74,"DGS10"
2019-01-23,2.76,"DGS10"
2019-01-24,2.72,"DGS10"
2019-01-25,2.76,"DGS10"
2019-01-28,2.75,"DGS10"
2019-01-29,2.72,"DGS10"
2019-01-30,2.7,"DGS10"
2019-01-31,2.63,"DGS10"
2019-02-01,2.7,"DGS10"
2019-02-04,2.73,"DGS10"
2019-02-05,2.71,"DGS10"
2019-02-06,2.7,"DGS10"
2019-02-07,2.65,"DGS10"
2019-02-08,2.63,"DGS10"
2019-02-11,2.65,"DGS10"
2019-02-12,2.68,"DGS10"
2019-02-13,2.71,"DGS10"
2019-02-14,2.66,"DGS10"
2019-02-15,2.66,"DGS10"
2019-02-19,2.65,"DGS10"
2019-02-20,2.65,"DGS10"
2019-02-21,2.69,"DGS10"
2019-02-22,2.65,"DGS10"
2019-02-25,2.67,"DGS10"
2019-02-26,2.64,"DGS10"
2019-02-27,2.69,"DGS10"
2019-02-28,2.73,"DGS10"
2019-03-01,2.76,"DGS10"
2019-03-04,2.72,"DGS10"
2019-03-05,2.72,"DGS10"
2019-03-06,2.69,"DGS10"
2019-03-07,2.64,"DGS10"
2019-03-08,2.62,"DGS10"
2019-03-11,2.64,"DGS10"
2019-03-12,2.61,"DGS10"
2019-03-13,2.61,"DGS10"
2019-03-14,2.63,"DGS10"
2019-03-15,2.59,"DGS10"
2019-03-18,2.6,"DGS10"
2019-03-19,2.61,"DGS10"
2019-03-20,2.54,"DGS10"
2019-03-21,2.54,"DGS10"
2019-03-22,2.44,"DGS10"
2019-03-25,2.43,"DGS10"
2019-03-26,2.41,"DGS10"
2019-03-27,2.39,"DGS10"
2019-03-28,2.39,"DGS10"
2019-03-29,2.41,"DGS10"
2019-04-01,2.49,"DGS10"
2019-04-02,2.48,"DGS10"
2019-04-03,2.52,"DGS10"
2019-04-04,2.51,"DGS10"
2019-04-05,2.5,"DGS10"
2019-04-08,2.52,"DGS10"
2019-04-09,2.51,"DGS10"
2019-04-10,2.48,"DGS10"
2019-04-11,2.51,"DGS10"
2019-04-12,2.56,"DGS10"
2019-04-15,2.55,"DGS10"
2019-04-16,2.6,"DGS10"
2019-04-17,2.59,"DGS10"
2019-04-18,2.57,"DGS10"
2019-04-22,2.59,"DGS10"
2019-04-23,2.57,"DGS10"
2019-04-24,2.53,"DGS10"
2019-04-25,2.54,"DGS10"
2019-04-26,2.51,"DGS10"
2019-04-29,2.54,"DGS10"
2019-04-30,2.51,"DGS10"
2019-05-01,2.52,"DGS10"
2019-05-02,2.55,"DGS10"
2019-05-03,2.54,"DGS10"
2019-05-06,2.51,"DGS10"
2019-05-07,2.45,"DGS10"
2019-05-08,2.49,"DGS10"
2019-05-09,2.45,"DGS10"
2019-05-10,2.47,"DGS10"
2019-05-13,2.4,"DGS10"
2019-05-14,2.42,"DGS10"
2019-05-15,2.37,"DGS10"
2019-05-16,2.4,"DGS10"
2019-05-17,2.39,"DGS10"
2019-05-20,2.41,"DGS10"
2019-05-21,2.43,"DGS10"
2019-05-22,2.39,"DGS10"
2019-05-23,2.31,"DGS10"
2019-05-24,2.32,"DGS10"
2019-05-28,2.26,"DGS10"
2019-05-29,2.25,"DGS10"
2019-05-30,2.22,"DGS10"
2019-05-31,2.14,"DGS10"
2019-06-03,2.07,"DGS10"
2019-06-04,2.12,"DGS10"
2019-06-05,2.12,"DGS10"
2019-06-06,2.12,"DGS10"
2019-06-07,2.09,"DGS10"
2019-06-10,2.15,"DGS10"
2019-06-11,2.15,"DGS10"
2019-06-12,2.13,"DGS10"
2019-06-13,2.1,"DGS10"
2019-06-14,2.09,"DGS10"
2019-06-17,2.09,"DGS10"
2019-06-18,2.06,"DGS10"
2019-06-19,2.03,"DGS10"
2019-06-20,2.01,"DGS10"
2019-06-21,2.07,"DGS10"
2019-06-24,2.02,"DGS10"
2019-06-25,2,"DGS10"
2019-06-26,2.05,"DGS10"
2019-06-27,2.01,"DGS10"
2019-06-28,2,"DGS10"
2019-07-01,2.03,"DGS10"
2019-07-02,1.98,"DGS10"
2019-07-03,1.96,"DGS10"
2019-07-05,2.04,"DGS10"
2019-07-08,2.05,"DGS10"
2019-07-09,2.07,"DGS10"
2019-07-10,2.07,"DGS10"
2019-07-11,2.13,"DGS10"
2019-07-12,2.12,"DGS10"
2019-07-15,2.09,"DGS10"
2019-07-16,2.13,"DGS10"
2019-07-17,2.06,"DGS10"
2019-07-18,2.04,"DGS10"
2019-07-19,2.05,"DGS10"
2019-07-22,2.05,"DGS10"
2019-07-23,2.08,"DGS10"
2019-07-24,2.05,"DGS10"
2019-07-25,2.08,"DGS10"
2019-07-26,2.08,"DGS10"
2019-07-29,2.06,"DGS10"
2019-07-30,2.06,"DGS10"
2019-07-31,2.02,"DGS10"
2019-08-01,1.9,"DGS10"
2019-08-02,1.86,"DGS10"
2019-08-05,1.75,"DGS10"
2019-08-06,1.73,"DGS10"
2019-08-07,1.71,"DGS10"
2019-08-08,1.72,"DGS10"
2019-08-09,1.74,"DGS10"
2019-08-12,1.65,"DGS10"
2019-08-13,1.68,"DGS10"
2019-08-14,1.59,"DGS10"
2019-08-15,1.52,"DGS10"
2019-08-16,1.55,"DGS10"
2019-08-19,1.6,"DGS10"
2019-08-20,1.55,"DGS10"
2019-08-21,1.59,"DGS10"
2019-08-22,1.62,"DGS10"
2019-08-23,1.52,"DGS10"
2019-08-26,1.54,"DGS10"
2019-08-27,1.49,"DGS10"
2019-08-28,1.47,"DGS10"
2019-08-29,1.5,"DGS10"
2019-08-30,1.5,"DGS10"
2019-09-03,1.47,"DGS10"
2019-09-04,1.47,"DGS10"
2019-09-05,1.57,"DGS10"
2019-09-06,1.55,"DGS10"
2019-09-09,1.63,"DGS10"
2019-09-10,1.72,"DGS10"
2019-09-11,1.75,"DGS10"
2019-09-12,1.79,"DGS10"
2019-09-13,1.9,"DGS10"
2019-09-16,1.84,"DGS10"
2019-09-17,1.81,"DGS10"
2019-09-18,1.8,"DGS10"
2019-09-19,1.79,"DGS10"
2019-09-20,1.74,"DGS10"
2019-09-23,1.72,"DGS10"
2019-09-24,1.64,"DGS10"
2019-09-25,1.73,"DGS10"
2019-09-26,1.7,"DGS10"
2019-09-27,1.69,"DGS10"
2019-09-30,1.68,"DGS10"
2019-10-01,1.65,"DGS10"
2019-10-02,1.6,"DGS10"
2019-10-03,1.54,"DGS10"
2019-10-04,1.52,"DGS10"
2019-10-07,1.56,"DGS10"
2019-10-08,1.54,"DGS10"
2019-10-09,1.59,"DGS10"
2019-10-10,1.67,"DGS10"
2019-10-11,1.76,"DGS10"
2019-10-15,1.77,"DGS10"
2019-10-16,1.75,"DGS10"
2019-10-17,1.76,"DGS10"
2019-10-18,1.76,"DGS10"
2019-10-21,1.8,"DGS10"
2019-10-22,1.78,"DGS10"
2019-10-23,1.77,"DGS10"
2019-10-24,1.77,"DGS10"
2019-10-25,1.8,"DGS10"
2019-10-28,1.85,"DGS10"
2019-10-29,1.84,"DGS10"
2019-10-30,1.78,"DGS10"
2019-10-31,1.69,"DGS10"
2019-11-01,1.73,"DGS10"
2019-11-04,1.79,"DGS10"
2019-11-05,1.86,"DGS10"
2019-11-06,1.81,"DGS10"
2019-11-07,1.92,"DGS10"
2019-11-08,1.94,"DGS10"
2019-11-12,1.92,"DGS10"
2019-11-13,1.88,"DGS10"
2019-11-14,1.82,"DGS10"
2019-11-15,1.84,"DGS10"
2019-11-18,1.81,"DGS10"
2019-11-19,1.79,"DGS10"
2019-11-20,1.73,"DGS10"
2019-11-21,1.77,"DGS10"
2019-11-22,1.77,"DGS10"
2019-11-25,1.76,"DGS10"
2019-11-26,1.74,"DGS10"
2019-11-27,1.77,"DGS10"
2019-11-29,1.78,"DGS10"
2019-12-02,1.83,"DGS10"
2019-12-03,1.72,"DGS10"
2019-12-04,1.77,"DGS10"
2019-12-05,1.8,"DGS10"
2019-12-06,1.84,"DGS10"
2019-12-09,1.83,"DGS10"
2019-12-10,1.85,"DGS10"
2019-12-11,1.79,"DGS10"
2019-12-12,1.9,"DGS10"
2019-12-13,1.82,"DGS10"
2019-12-16,1.89,"DGS10"
2019-12-17,1.89,"DGS10"
2019-12-18,1.92,"DGS10"
2019-12-19,1.92,"DGS10"
2019-12-20,1.92,"DGS10"
2019-12-23,1.93,"DGS10"
2019-12-24,1.9,"DGS10"
2019-12-26,1.9,"DGS10"
2019-12-27,1.88,"DGS10"
2019-12-30,1.9,"DGS10"
2019-12-31,1.92,"DGS10"
2020-01-02,1.88,"DGS10"
2020-01-03,1.8,"DGS10"
2020-01-06,1.81,"DGS10"
2020-01-07,1.83,"DGS10"
2020-01-08,1.87,"DGS10"
2020-01-09,1.85,"DGS10"
2020-01-10,1.83,"DGS10"
2020-01-13,1.85,"DGS10"
2020-01-14,1.82,"DGS10"
2020-01-15,1.79,"DGS10"
2020-01-16,1.81,"DGS10"
2020-01-17,1.84,"DGS10"
2020-01-21,1.78,"DGS10"
2020-01-22,1.77,"DGS10"
2020-01-23,1.74,"DGS10"
2020-01-24,1.7,"DGS10"
2020-01-27,1.61,"DGS10"
2020-01-28,1.65,"DGS10"
2020-01-29,1.6,"DGS10"
2020-01-30,1.57,"DGS10"
2020-01-31,1.51,"DGS10"
2020-02-03,1.54,"DGS10"
2020-02-04,1.61,"DGS10"
2020-02-05,1.66,"DGS10"
2020-02-06,1.65,"DGS10"
2020-02-07,1.59,"DGS10"
2020-02-10,1.56,"DGS10"
2020-02-11,1.59,"DGS10"
2020-02-12,1.62,"DGS10"
2020-02-13,1.61,"DGS10"
2020-02-14,1.59,"DGS10"
2020-02-18,1.55,"DGS10"
2020-02-19,1.56,"DGS10"
2020-02-20,1.52,"DGS10"
2020-02-21,1.46,"DGS10"
2020-02-24,1.38,"DGS10"
2020-02-25,1.33,"DGS10"
2020-02-26,1.33,"DGS10"
2020-02-27,1.3,"DGS10"
2020-02-28,1.13,"DGS10"
2020-03-02,1.1,"DGS10"
2020-03-03,1.02,"DGS10"
2020-03-04,1.02,"DGS10"
2020-03-05,0.92,"DGS10"
2020-03-06,0.74,"DGS10"
2020-03-09,0.54,"DGS10"
2020-03-10,0.76,"DGS10"
2020-03-11,0.82,"DGS10"
2020-03-12,0.88,"DGS10"
2020-03-13,0.94,"DGS10"
2020-03-16,0.73,"DGS10"
2020-03-17,1.02,"DGS10"
2020-03-18,1.18,"DGS10"
2020-03-19,1.12,"DGS10"
2020-03-20,0.92,"DGS10"
2020-03-23,0.76,"DGS10"
2020-03-24,0.84,"DGS10"
2020-03-25,0.88,"DGS10"
2020-03-26,0.83,"DGS10"
2020-03-27,0.72,"DGS10"
2020-03-30,0.7,"DGS10"
2020-03-31,0.7,"DGS10"
2020-04-01,0.62,"DGS10"
2020-04-02,0.63,"DGS10"
2020-04-03,0.62,"DGS10"
2020-04-06,0.67,"DGS10"
2020-04-07,0.75,"DGS10"
2020-04-08,0.77,"DGS10"
2020-04-09,0.73,"DGS10"
2020-04-13,0.76,"DGS10"
2020-04-14,0.76,"DGS10"
2020-04-15,0.63,"DGS10"
2020-04-16,0.61,"DGS10"
2020-04-17,0.65,"DGS10"
2020-04-20,0.63,"DGS10"
2020-04-21,0.58,"DGS10"
2020-04-22,0.63,"DGS10"
2020-04-23,0.61,"DGS10"
2020-04-24,0.6,"DGS10"
2020-04-27,0.67,"DGS10"
2020-04-28,0.62,"DGS10"
2020-04-29,0.63,"DGS10"
2020-04-30,0.64,"DGS10"
2020-05-01,0.64,"DGS10"
2020-05-04,0.64,"DGS10"
2020-05-05,0.66,"DGS10"
2020-05-06,0.72,"DGS10"
2020-05-07,0.63,"DGS10"
2020-05-08,0.69,"DGS10"
2020-05-11,0.73,"DGS10"
2020-05-12,0.69,"DGS10"
2020-05-13,0.64,"DGS10"
2020-05-14,0.63,"DGS10"
2020-05-15,0.64,"DGS10"
2020-05-18,0.73,"DGS10"
2020-05-19,0.7,"DGS10"
2020-05-20,0.68,"DGS10"
2020-05-21,0.68,"DGS10"
2020-05-22,0.66,"DGS10"
2020-05-26,0.69,"DGS10"
2020-05-27,0.68,"DGS10"
2020-05-28,0.7,"DGS10"
2020-05-29,0.65,"DGS10"
2020-06-01,0.66,"DGS10"
2020-06-02,0.68,"DGS10"
2020-06-03,0.77,"DGS10"
2020-06-04,0.82,"DGS10"
2020-06-05,0.91,"DGS10"
2020-06-08,0.88,"DGS10"
2020-06-09,0.84,"DGS10"
2020-06-10,0.75,"DGS10"
2020-06-11,0.66,"DGS10"
2020-06-12,0.71,"DGS10"
2020-06-15,0.71,"DGS10"
2020-06-16,0.75,"DGS10"
2020-06-17,0.74,"DGS10"
2020-06-18,0.71,"DGS10"
2020-06-19,0.7,"DGS10"
2020-06-22,0.71,"DGS10"
2020-06-23,0.72,"DGS10"
2020-06-24,0.69,"DGS10"
2020-06-25,0.68,"DGS10"
2020-06-26,0.64,"DGS10"
2020-06-29,0.64,"DGS10"
2020-06-30,0.66,"DGS10"
2020-07-01,0.69,"DGS10"
2020-07-02,0.68,"DGS10"
2020-07-06,0.69,"DGS10"
2020-07-07,0.65,"DGS10"
2020-07-08,0.67,"DGS10"
2020-07-09,0.62,"DGS10"
2020-07-10,0.65,"DGS10"
2020-07-13,0.64,"DGS10"
2020-07-14,0.63,"DGS10"
2020-07-15,0.64,"DGS10"
2020-07-16,0.62,"DGS10"
2020-07-17,0.64,"DGS10"
2020-07-20,0.62,"DGS10"
2020-07-21,0.61,"DGS10"
2020-07-22,0.6,"DGS10"
2020-07-23,0.59,"DGS10"
2020-07-24,0.59,"DGS10"
2020-07-27,0.62,"DGS10"
2020-07-28,0.59,"DGS10"
2020-07-29,0.58,"DGS10"
2020-07-30,0.55,"DGS10"
2020-07-31,0.55,"DGS10"
2020-08-03,0.56,"DGS10"
2020-08-04,0.52,"DGS10"
2020-08-05,0.55,"DGS10"
2020-08-06,0.55,"DGS10"
2020-08-07,0.57,"DGS10"
2020-08-10,0.59,"DGS10"
2020-08-11,0.64,"DGS10"
2020-08-12,0.69,"DGS10"
2020-08-13,0.71,"DGS10"
2020-08-14,0.71,"DGS10"
2020-08-17,0.69,"DGS10"
2020-08-18,0.67,"DGS10"
2020-08-19,0.68,"DGS10"
2020-08-20,0.65,"DGS10"
2020-08-21,0.64,"DGS10"
2020-08-24,0.65,"DGS10"
2020-08-25,0.69,"DGS10"
2020-08-26,0.69,"DGS10"
2020-08-27,0.74,"DGS10"
2020-08-28,0.74,"DGS10"
2020-08-31,0.72,"DGS10"
2020-09-01,0.68,"DGS10"
2020-09-02,0.66,"DGS10"
2020-09-03,0.63,"DGS10"
2020-09-04,0.72,"DGS10"
2020-09-08,0.69,"DGS10"
2020-09-09,0.71,"DGS10"
2020-09-10,0.68,"DGS10"
2020-09-11,0.67,"DGS10"
2020-09-14,0.68,"DGS10"
2020-09-15,0.68,"DGS10"
2020-09-16,0.69,"DGS10"
2020-09-17,0.69,"DGS10"
2020-09-18,0.7,"DGS10"
2020-09-21,0.68,"DGS10"
2020-09-22,0.68,"DGS10"
2020-09-23,0.68,"DGS10"
2020-09-24,0.67,"DGS10"
2020-09-25,0.66,"DGS10"
2020-09-28,0.67,"DGS10"
2020-09-29,0.66,"DGS10"
2020-09-30,0.69,"DGS10"
2020-10-01,0.68,"DGS10"
2020-10-02,0.7,"DGS10"
2020-10-05,0.78,"DGS10"
2020-10-06,0.76,"DGS10"
2020-10-07,0.81,"DGS10"
2020-10-08,0.78,"DGS10"
2020-10-09,0.79,"DGS10"
2020-10-13,0.74,"DGS10"
2020-10-14,0.73,"DGS10"
2020-10-15,0.74,"DGS10"
2020-10-16,0.76,"DGS10"
2020-10-19,0.78,"DGS10"
2020-10-20,0.81,"DGS10"
2020-10-21,0.83,"DGS10"
2020-10-22,0.87,"DGS10"
2020-10-23,0.85,"DGS10"
2020-10-26,0.81,"DGS10"
2020-10-27,0.79,"DGS10"
2020-10-28,0.79,"DGS10"
2020-10-29,0.85,"DGS10"
2020-10-30,0.88,"DGS10"
2020-11-02,0.87,"DGS10"
2020-11-03,0.9,"DGS10"
2020-11-04,0.78,"DGS10"
2020-11-05,0.79,"DGS10"
2020-11-06,0.83,"DGS10"
2020-11-09,0.96,"DGS10"
2020-11-10,0.98,"DGS10"
2020-11-12,0.88,"DGS10"
2020-11-13,0.89,"DGS10"
2020-11-16,0.91,"DGS10"
2020-11-17,0.87,"DGS10"
2020-11-18,0.88,"DGS10"
2020-11-19,0.86,"DGS10"
2020-11-20,0.83,"DGS10"
2020-11-23,0.86,"DGS10"
2020-11-24,0.88,"DGS10"
2020-11-25,0.88,"DGS10"
2020-11-27,0.84,"DGS10"
2020-11-30,0.84,"DGS10"
2020-12-01,0.92,"DGS10"
2020-12-02,0.95,"DGS10"
2020-12-03,0.92,"DGS10"
2020-12-04,0.97,"DGS10"
2020-12-07,0.94,"DGS10"
2020-12-08,0.92,"DGS10"
2020-12-09,0.95,"DGS10"
2020-12-10,0.92,"DGS10"
2020-12-11,0.9,"DGS10"
2020-12-14,0.9,"DGS10"
2020-12-15,0.92,"DGS10"
2020-12-16,0.92,"DGS10"
2020-12-17,0.94,"DGS10"
2020-12-18,0.95,"DGS10"
2020-12-21,0.95,"DGS10"
2020-12-22,0.93,"DGS10"
2020-12-23,0.96,"DGS10"
2020-12-24,0.94,"DGS10"
2020-12-28,0.94,"DGS10"
2020-12-29,0.94,"DGS10"
2020-12-30,0.93,"DGS10"
2020-12-31,0.93,"DGS10"
2021-01-04,0.93,"DGS10"
2021-01-05,0.96,"DGS10"
2021-01-06,1.04,"DGS10"
2021-01-07,1.08,"DGS10"
2021-01-08,1.13,"DGS10"
2021-01-11,1.15,"DGS10"
2021-01-12,1.15,"DGS10"
2021-01-13,1.1,"DGS10"
2021-01-14,1.15,"DGS10"
2021-01-15,1.11,"DGS10"
2021-01-19,1.1,"DGS10"
2021-01-20,1.1,"DGS10"
2021-01-21,1.12,"DGS10"
2021-01-22,1.1,"DGS10"
2021-01-25,1.05,"DGS10"
2021-01-26,1.05,"DGS10"
2021-01-27,1.04,"DGS10"
2021-01-28,1.07,"DGS10"
2021-01-29,1.11,"DGS10"
2021-02-01,1.09,"DGS10"
2021-02-02,1.12,"DGS10"
2021-02-03,1.15,"DGS10"
2021-02-04,1.15,"DGS10"
2021-02-05,1.19,"DGS10"
2021-02-08,1.19,"DGS10"
2021-02-09,1.18,"DGS10"
2021-02-10,1.15,"DGS10"
2021-02-11,1.16,"DGS10"
2021-02-12,1.2,"DGS10"
2021-02-16,1.3,"DGS10"
2021-02-17,1.29,"DGS10"
2021-02-18,1.29,"DGS10"
2021-02-19,1.34,"DGS10"
2021-02-22,1.37,"DGS10"
2021-02-23,1.37,"DGS10"
2021-02-24,1.38,"DGS10"
2021-02-25,1.54,"DGS10"
2021-02-26,1.44,"DGS10"
2021-03-01,1.45,"DGS10"
2021-03-02,1.42,"DGS10"
2021-03-03,1.47,"DGS10"
2021-03-04,1.54,"DGS10"
2021-03-05,1.56,"DGS10"
2021-03-08,1.59,"DGS10"
2021-03-09,1.55,"DGS10"
2021-03-10,1.53,"DGS10"
2021-03-11,1.54,"DGS10"
2021-03-12,1.64,"DGS10"
2021-03-15,1.62,"DGS10"
2021-03-16,1.62,"DGS10"
2021-03-17,1.63,"DGS10"
2021-03-18,1.71,"DGS10"
2021-03-19,1.74,"DGS10"
2021-03-22,1.69,"DGS10"
2021-03-23,1.63,"DGS10"
2021-03-24,1.62,"DGS10"
2021-03-25,1.63,"DGS10"
2021-03-26,1.67,"DGS10"
2021-03-29,1.73,"DGS10"
2021-03-30,1.73,"DGS10"
2021-03-31,1.74,"DGS10"
2021-04-01,1.69,"DGS10"
2021-04-02,1.72,"DGS10"
2021-04-05,1.73,"DGS10"
2021-04-06,1.67,"DGS10"
2021-04-07,1.68,"DGS10"
2021-04-08,1.64,"DGS10"
2021-04-09,1.67,"DGS10"
2021-04-12,1.69,"DGS10"
2021-04-13,1.64,"DGS10"
2021-04-14,1.64,"DGS10"
2021-04-15,1.56,"DGS10"
2021-04-16,1.59,"DGS10"
2021-04-19,1.61,"DGS10"
2021-04-20,1.58,"DGS10"
2021-04-21,1.57,"DGS10"
2021-04-22,1.57,"DGS10"
2021-04-23,1.58,"DGS10"
2021-04-26,1.58,"DGS10"
2021-04-27,1.63,"DGS10"
2021-04-28,1.63,"DGS10"
2021-04-29,1.65,"DGS10"
2021-04-30,1.65,"DGS10"
2021-05-03,1.63,"DGS10"
2021-05-04,1.61,"DGS10"
2021-05-05,1.59,"DGS10"
2021-05-06,1.58,"DGS10"
2021-05-07,1.6,"DGS10"
2021-05-10,1.63,"DGS10"
2021-05-11,1.64,"DGS10"
2021-05-12,1.69,"DGS10"
2021-05-13,1.66,"DGS10"
2021-05-14,1.63,"DGS10"
2021-05-17,1.64,"DGS10"
2021-05-18,1.64,"DGS10"
2021-05-19,1.68,"DGS10"
2021-05-20,1.63,"DGS10"
2021-05-21,1.63,"DGS10"
2021-05-24,1.61,"DGS10"
2021-05-25,1.56,"DGS10"
2021-05-26,1.58,"DGS10"
2021-05-27,1.61,"DGS10"
2021-05-28,1.58,"DGS10"
2021-06-01,1.62,"DGS10"
2021-06-02,1.59,"DGS10"
2021-06-03,1.63,"DGS10"
2021-06-04,1.56,"DGS10"
2021-06-07,1.57,"DGS10"
2021-06-08,1.53,"DGS10"
2021-06-09,1.5,"DGS10"
2021-06-10,1.45,"DGS10"
2021-06-11,1.47,"DGS10"
2021-06-14,1.51,"DGS10"
2021-06-15,1.51,"DGS10"
2021-06-16,1.57,"DGS10"
2021-06-17,1.52,"DGS10"
2021-06-18,1.45,"DGS10"
2021-06-21,1.5,"DGS10"
2021-06-22,1.48,"DGS10"
2021-06-23,1.5,"DGS10"
2021-06-24,1.49,"DGS10"
2021-06-25,1.54,"DGS10"
2021-06-28,1.49,"DGS10"
2021-06-29,1.49,"DGS10"
2021-06-30,1.45,"DGS10"
2021-07-01,1.48,"DGS10"
2021-07-02,1.44,"DGS10"
2021-07-06,1.37,"DGS10"
2021-07-07,1.33,"DGS10"
2021-07-08,1.3,"DGS10"
2021-07-09,1.37,"DGS10"
2021-07-12,1.38,"DGS10"
2021-07-13,1.42,"DGS10"
2021-07-14,1.37,"DGS10"
2021-07-15,1.31,"DGS10"
2021-07-16,1.31,"DGS10"
2021-07-19,1.19,"DGS10"
2021-07-20,1.23,"DGS10"
2021-07-21,1.3,"DGS10"
2021-07-22,1.27,"DGS10"
2021-07-23,1.3,"DGS10"
2021-07-26,1.29,"DGS10"
2021-07-27,1.25,"DGS10"
2021-07-28,1.26,"DGS10"
2021-07-29,1.28,"DGS10"
2021-07-30,1.24,"DGS10"
2021-08-02,1.2,"DGS10"
2021-08-03,1.19,"DGS10"
2021-08-04,1.19,"DGS10"
2021-08-05,1.23,"DGS10"
2021-08-06,1.31,"DGS10"
2021-08-09,1.33,"DGS10"
2021-08-10,1.36,"DGS10"
2021-08-11,1.35,"DGS10"
2021-08-12,1.36,"DGS10"
2021-08-13,1.29,"DGS10"
2021-08-16,1.26,"DGS10"
2021-08-17,1.26,"DGS10"
2021-08-18,1.27,"DGS10"
2021-08-19,1.24,"DGS10"
2021-08-20,1.26,"DGS10"
2021-08-23,1.25,"DGS10"
2021-08-24,1.29,"DGS10"
2021-08-25,1.35,"DGS10"
2021-08-26,1.34,"DGS10"
2021-08-27,1.31,"DGS10"
2021-08-30,1.29,"DGS10"
2021-08-31,1.3,"DGS10"
2021-09-01,1.31,"DGS10"
2021-09-02,1.29,"DGS10"
2021-09-03,1.33,"DGS10"
2021-09-07,1.38,"DGS10"
2021-09-08,1.35,"DGS10"
2021-09-09,1.3,"DGS10"
2021-09-10,1.35,"DGS10"
2021-09-13,1.33,"DGS10"
2021-09-14,1.28,"DGS10"
2021-09-15,1.31,"DGS10"
2021-09-16,1.34,"DGS10"
2021-09-17,1.37,"DGS10"
2021-09-20,1.31,"DGS10"
2021-09-21,1.33,"DGS10"
2021-09-22,1.32,"DGS10"
2021-09-23,1.41,"DGS10"
2021-09-24,1.47,"DGS10"
2021-09-27,1.48,"DGS10"
2021-09-28,1.54,"DGS10"
2021-09-29,1.55,"DGS10"
2021-09-30,1.52,"DGS10"
2021-10-01,1.48,"DGS10"
2021-10-04,1.49,"DGS10"
2021-10-05,1.54,"DGS10"
2021-10-06,1.53,"DGS10"
2021-10-07,1.58,"DGS10"
2021-10-08,1.61,"DGS10"
2021-10-12,1.59,"DGS10"
2021-10-13,1.56,"DGS10"
2021-10-14,1.52,"DGS10"
2021-10-15,1.59,"DGS10"
2021-10-18,1.59,"DGS10"
2021-10-19,1.65,"DGS10"
2021-10-20,1.65,"DGS10"
2021-10-21,1.68,"DGS10"
2021-10-22,1.66,"DGS10"
2021-10-25,1.64,"DGS10"
2021-10-26,1.63,"DGS10"
2021-10-27,1.54,"DGS10"
2021-10-28,1.57,"DGS10"
2021-10-29,1.55,"DGS10"
2021-11-01,1.58,"DGS10"
2021-11-02,1.56,"DGS10"
2021-11-03,1.6,"DGS10"
2021-11-04,1.53,"DGS10"
2021-11-05,1.45,"DGS10"
2021-11-08,1.51,"DGS10"
2021-11-09,1.46,"DGS10"
2021-11-10,1.56,"DGS10"
2021-11-12,1.58,"DGS10"
2021-11-15,1.63,"DGS10"
2021-11-16,1.63,"DGS10"
2021-11-17,1.6,"DGS10"
2021-11-18,1.59,"DGS10"
2021-11-19,1.54,"DGS10"
2021-11-22,1.63,"DGS10"
2021-11-23,1.67,"DGS10"
2021-11-24,1.64,"DGS10"
2021-11-26,1.48,"DGS10"
2021-11-29,1.52,"DGS10"
2021-11-30,1.43,"DGS10"
2021-12-01,1.43,"DGS10"
2021-12-02,1.44,"DGS10"
2021-12-03,1.35,"DGS10"
2021-12-06,1.43,"DGS10"
2021-12-07,1.48,"DGS10"
2021-12-08,1.52,"DGS10"
2021-12-09,1.49,"DGS10"
2021-12-10,1.48,"DGS10"
2021-12-13,1.42,"DGS10"
2021-12-14,1.44,"DGS10"
2021-12-15,1.47,"DGS10"
2021-12-16,1.44,"DGS10"
2021-12-17,1.41,"DGS10"
2021-12-20,1.43,"DGS10"
2021-12-21,1.48,"DGS10"
2021-12-22,1.46,"DGS10"
2021-12-23,1.5,"DGS10"
2021-12-27,1.48,"DGS10"
2021-12-28,1.49,"DGS10"
2021-12-29,1.55,"DGS10"
2021-12-30,1.52,"DGS10"
2021-12-31,1.52,"DGS10"
2022-01-03,1.63,"DGS10"
2022-01-04,1.66,"DGS10"
2022-01-05,1.71,"DGS10"
2022-01-06,1.73,"DGS10"
2022-01-07,1.76,"DGS10"
2022-01-10,1.78,"DGS10"
2022-01-11,1.75,"DGS10"
2022-01-12,1.74,"DGS10"
2022-01-13,1.7,"DGS10"
2022-01-14,1.78,"DGS10"
2022-01-18,1.87,"DGS10"
2022-01-19,1.83,"DGS10"
2022-01-20,1.83,"DGS10"
2022-01-21,1.75,"DGS10"
2022-01-24,1.75,"DGS10"
2022-01-25,1.78,"DGS10"
2022-01-26,1.85,"DGS10"
2022-01-27,1.81,"DGS10"
2022-01-28,1.78,"DGS10"
2022-01-31,1.79,"DGS10"
2022-02-01,1.81,"DGS10"
2022-02-02,1.78,"DGS10"
2022-02-03,1.82,"DGS10"
2022-02-04,1.93,"DGS10"
2022-02-07,1.92,"DGS10"
2022-02-08,1.96,"DGS10"
2022-02-09,1.94,"DGS10"
2022-02-10,2.03,"DGS10"
2022-02-11,1.92,"DGS10"
2022-02-14,1.98,"DGS10"
2022-02-15,2.05,"DGS10"
2022-02-16,2.03,"DGS10"
2022-02-17,1.97,"DGS10"
2022-02-18,1.92,"DGS10"
2022-02-22,1.94,"DGS10"
2022-02-23,1.99,"DGS10"
2022-02-24,1.96,"DGS10"
2022-02-25,1.97,"DGS10"
2022-02-28,1.83,"DGS10"
2022-03-01,1.72,"DGS10"
2022-03-02,1.86,"DGS10"
2022-03-03,1.86,"DGS10"
2022-03-04,1.74,"DGS10"
2022-03-07,1.78,"DGS10"
2022-03-08,1.86,"DGS10"
2022-03-09,1.94,"DGS10"
2022-03-10,1.98,"DGS10"
2022-03-11,2,"DGS10"
2022-03-14,2.14,"DGS10"
2022-03-15,2.15,"DGS10"
2022-03-16,2.19,"DGS10"
2022-03-17,2.2,"DGS10"
2022-03-18,2.14,"DGS10"
2022-03-21,2.32,"DGS10"
2022-03-22,2.38,"DGS10"
2022-03-23,2.32,"DGS10"
2022-03-24,2.34,"DGS10"
2022-03-25,2.48,"DGS10"
2022-03-28,2.46,"DGS10"
2022-03-29,2.41,"DGS10"
2022-03-30,2.35,"DGS10"
2022-03-31,2.32,"DGS10"
2022-04-01,2.39,"DGS10"
2022-04-04,2.42,"DGS10"
2022-04-05,2.54,"DGS10"
2022-04-06,2.61,"DGS10"
2022-04-07,2.66,"DGS10"
2022-04-08,2.72,"DGS10"
2022-04-11,2.79,"DGS10"
2022-04-12,2.72,"DGS10"
2022-04-13,2.7,"DGS10"
2022-04-14,2.83,"DGS10"
2022-04-18,2.85,"DGS10"
2022-04-19,2.93,"DGS10"
2022-04-20,2.85,"DGS10"
2022-04-21,2.9,"DGS10"
2022-04-22,2.9,"DGS10"
2022-04-25,2.81,"DGS10"
2022-04-26,2.77,"DGS10"
2022-04-27,2.82,"DGS10"
2022-04-28,2.85,"DGS10"
2022-04-29,2.89,"DGS10"
2022-05-02,2.99,"DGS10"
2022-05-03,2.97,"DGS10"
2022-05-04,2.93,"DGS10"
2022-05-05,3.05,"DGS10"
2022-05-06,3.12,"DGS10"
2022-05-09,3.05,"DGS10"
2022-05-10,2.99,"DGS10"
2022-05-11,2.91,"DGS10"
2022-05-12,2.84,"DGS10"
2022-05-13,2.93,"DGS10"
2022-05-16,2.88,"DGS10"
2022-05-17,2.98,"DGS10"
2022-05-18,2.89,"DGS10"
2022-05-19,2.84,"DGS10"
2022-05-20,2.78,"DGS10"
2022-05-23,2.86,"DGS10"
2022-05-24,2.76,"DGS10"
2022-05-25,2.75,"DGS10"
2022-05-26,2.75,"DGS10"
2022-05-27,2.74,"DGS10"
2022-05-31,2.85,"DGS10"
2022-06-01,2.94,"DGS10"
2022-06-02,2.92,"DGS10"
2022-06-03,2.96,"DGS10"
2022-06-06,3.04,"DGS10"
2022-06-07,2.98,"DGS10"
2022-06-08,3.03,"DGS10"
2022-06-09,3.04,"DGS10"
2022-06-10,3.15,"DGS10"
2022-06-13,3.43,"DGS10"
2022-06-14,3.49,"DGS10"
2022-06-15,3.33,"DGS10"
2022-06-16,3.28,"DGS10"
2022-06-17,3.25,"DGS10"
2022-06-21,3.31,"DGS10"
2022-06-22,3.16,"DGS10"
2022-06-23,3.09,"DGS10"
2022-06-24,3.13,"DGS10"
2022-06-27,3.2,"DGS10"
2022-06-28,3.2,"DGS10"
2022-06-29,3.1,"DGS10"
2022-06-30,2.98,"DGS10"
2022-07-01,2.88,"DGS10"
2022-07-05,2.82,"DGS10"
2022-07-06,2.93,"DGS10"
2022-07-07,3.01,"DGS10"
2022-07-08,3.09,"DGS10"
2022-07-11,2.99,"DGS10"
2022-07-12,2.96,"DGS10"
2022-07-13,2.91,"DGS10"
2022-07-14,2.96,"DGS10"
2022-07-15,2.93,"DGS10"
2022-07-18,2.96,"DGS10"
2022-07-19,3.01,"DGS10"
2022-07-20,3.04,"DGS10"
2022-07-21,2.91,"DGS10"
2022-07-22,2.77,"DGS10"
2022-07-25,2.81,"DGS10"
2022-07-26,2.81,"DGS10"
2022-07-27,2.78,"DGS10"
2022-07-28,2.68,"DGS10"
2022-07-29,2.67,"DGS10"
2022-08-01,2.6,"DGS10"
2022-08-02,2.75,"DGS10"
2022-08-03,2.73,"DGS10"
2022-08-04,2.68,"DGS10"
2022-08-05,2.83,"DGS10"
2022-08-08,2.77,"DGS10"
2022-08-09,2.8,"DGS10"
2022-08-10,2.78,"DGS10"
2022-08-11,2.87,"DGS10"
2022-08-12,2.84,"DGS10"
2022-08-15,2.79,"DGS10"
2022-08-16,2.82,"DGS10"
2022-08-17,2.89,"DGS10"
2022-08-18,2.88,"DGS10"
2022-08-19,2.98,"DGS10"
2022-08-22,3.03,"DGS10"
2022-08-23,3.05,"DGS10"
2022-08-24,3.11,"DGS10"
2022-08-25,3.03,"DGS10"
2022-08-26,3.04,"DGS10"
2022-08-29,3.12,"DGS10"
2022-08-30,3.11,"DGS10"
2022-08-31,3.15,"DGS10"
2022-09-01,3.26,"DGS10"
2022-09-02,3.2,"DGS10"
2022-09-06,3.33,"DGS10"
2022-09-07,3.27,"DGS10"
2022-09-08,3.29,"DGS10"
2022-09-09,3.33,"DGS10"
2022-09-12,3.37,"DGS10"
2022-09-13,3.42,"DGS10"
2022-09-14,3.41,"DGS10"
2022-09-15,3.45,"DGS10"
2022-09-16,3.45,"DGS10"
2022-09-19,3.49,"DGS10"
2022-09-20,3.57,"DGS10"
2022-09-21,3.51,"DGS10"
2022-09-22,3.7,"DGS10"
2022-09-23,3.69,"DGS10"
2022-09-26,3.88,"DGS10"
2022-09-27,3.97,"DGS10"
2022-09-28,3.72,"DGS10"
2022-09-29,3.76,"DGS10"
2022-09-30,3.83,"DGS10"
2022-10-03,3.67,"DGS10"
2022-10-04,3.62,"DGS10"
2022-10-05,3.76,"DGS10"
2022-10-06,3.83,"DGS10"
2022-10-07,3.89,"DGS10"
2022-10-11,3.93,"DGS10"
2022-10-12,3.91,"DGS10"
2022-10-13,3.97,"DGS10"
2022-10-14,4,"DGS10"
2022-10-17,4.02,"DGS10"
2022-10-18,4.01,"DGS10"
2022-10-19,4.14,"DGS10"
2022-10-20,4.24,"DGS10"
2022-10-21,4.21,"DGS10"
2022-10-24,4.25,"DGS10"
2022-10-25,4.1,"DGS10"
2022-10-26,4.04,"DGS10"
2022-10-27,3.96,"DGS10"
2022-10-28,4.02,"DGS10"
2022-10-31,4.1,"DGS10"
2022-11-01,4.07,"DGS10"
2022-11-02,4.1,"DGS10"
2022-11-03,4.14,"DGS10"
2022-11-04,4.17,"DGS10"
2022-11-07,4.22,"DGS10"
2022-11-08,4.14,"DGS10"
2022-11-09,4.12,"DGS10"
2022-11-10,3.82,"DGS10"
2022-11-14,3.88,"DGS10"
2022-11-15,3.8,"DGS10"
2022-11-16,3.67,"DGS10"
2022-11-17,3.77,"DGS10"
2022-11-18,3.82,"DGS10"
2022-11-21,3.83,"DGS10"
2022-11-22,3.76,"DGS10"
2022-11-23,3.71,"DGS10"
2022-11-25,3.68,"DGS10"
2022-11-28,3.69,"DGS10"
2022-11-29,3.75,"DGS10"
2022-11-30,3.68,"DGS10"
2022-12-01,3.53,"DGS10"
2022-12-02,3.51,"DGS10"
2022-12-05,3.6,"DGS10"
2022-12-06,3.51,"DGS10"
2022-12-07,3.42,"DGS10"
2022-12-08,3.48,"DGS10"
2022-12-09,3.57,"DGS10"
2022-12-12,3.61,"DGS10"
2022-12-13,3.51,"DGS10"
2022-12-14,3.49,"DGS10"
2022-12-15,3.44,"DGS10"
2022-12-16,3.48,"DGS10"
2022-12-19,3.57,"DGS10"
2022-12-20,3.69,"DGS10"
2022-12-21,3.68,"DGS10"
2022-12-22,3.67,"DGS10"
2022-12-23,3.75,"DGS10"
2022-12-27,3.84,"DGS10"
2022-12-28,3.88,"DGS10"
2022-12-29,3.83,"DGS10"
2022-12-30,3.88,"DGS10"
2023-01-03,3.79,"DGS10"
2023-01-04,3.69,"DGS10"
2023-01-05,3.71,"DGS10"
2023-01-06,3.55,"DGS10"
2023-01-09,3.53,"DGS10"
2023-01-10,3.61,"DGS10"
2023-01-11,3.54,"DGS10"
2023-01-12,3.43,"DGS10"
2023-01-13,3.49,"DGS10"
2023-01-17,3.53,"DGS10"
2023-01-18,3.37,"DGS10"
2023-01-19,3.39,"DGS10"
2023-01-20,3.48,"DGS10"
2023-01-23,3.52,"DGS10"
2023-01-24,3.46,"DGS10"
2023-01-25,3.46,"DGS10"
2023-01-26,3.49,"DGS10"
2023-01-27,3.52,"DGS10"
2023-01-30,3.55,"DGS10"
2023-01-31,3.52,"DGS10"
2023-02-01,3.39,"DGS10"
2023-02-02,3.4,"DGS10"
2023-02-03,3.53,"DGS10"
2023-02-06,3.63,"DGS10"
2023-02-07,3.67,"DGS10"
2023-02-08,3.63,"DGS10"
2023-02-09,3.67,"DGS10"
2023-02-10,3.74,"DGS10"
2023-02-13,3.72,"DGS10"
2023-02-14,3.77,"DGS10"
2023-02-15,3.81,"DGS10"
2023-02-16,3.86,"DGS10"
2023-02-17,3.82,"DGS10"
2023-02-21,3.95,"DGS10"
2023-02-22,3.93,"DGS10"
2023-02-23,3.88,"DGS10"
2023-02-24,3.95,"DGS10"
2023-02-27,3.92,"DGS10"
2023-02-28,3.92,"DGS10"
2023-03-01,4.01,"DGS10"
2023-03-02,4.08,"DGS10"
2023-03-03,3.97,"DGS10"
2023-03-06,3.98,"DGS10"
2023-03-07,3.97,"DGS10"
2023-03-08,3.98,"DGS10"
2023-03-09,3.93,"DGS10"
2023-03-10,3.7,"DGS10"
2023-03-13,3.55,"DGS10"
2023-03-14,3.64,"DGS10"
2023-03-15,3.51,"DGS10"
2023-03-16,3.56,"DGS10"
2023-03-17,3.39,"DGS10"
2023-03-20,3.47,"DGS10"
2023-03-21,3.59,"DGS10"
2023-03-22,3.48,"DGS10"
2023-03-23,3.38,"DGS10"
2023-03-24,3.38,"DGS10"
2023-03-27,3.53,"DGS10"
2023-03-28,3.55,"DGS10"
2023-03-29,3.57,"DGS10"
2023-03-30,3.55,"DGS10"
2023-03-31,3.48,"DGS10"
2023-04-03,3.43,"DGS10"
2023-04-04,3.35,"DGS10"
2023-04-05,3.3,"DGS10"
2023-04-06,3.3,"DGS10"
2023-04-07,3.39,"DGS10"
2023-04-10,3.41,"DGS10"
2023-04-11,3.43,"DGS10"
2023-04-12,3.41,"DGS10"
2023-04-13,3.45,"DGS10"
2023-04-14,3.52,"DGS10"
2023-04-17,3.6,"DGS10"
2023-04-18,3.58,"DGS10"
2023-04-19,3.6,"DGS10"
2023-04-20,3.54,"DGS10"
2023-04-21,3.57,"DGS10"
2023-04-24,3.52,"DGS10"
2023-04-25,3.4,"DGS10"
2023-04-26,3.43,"DGS10"
2023-04-27,3.53,"DGS10"
2023-04-28,3.44,"DGS10"
2023-05-01,3.59,"DGS10"
2023-05-02,3.44,"DGS10"
2023-05-03,3.38,"DGS10"
2023-05-04,3.37,"DGS10"
2023-05-05,3.44,"DGS10"
2023-05-08,3.52,"DGS10"
2023-05-09,3.53,"DGS10"
2023-05-10,3.43,"DGS10"
2023-05-11,3.39,"DGS10"
2023-05-12,3.46,"DGS10"
2023-05-15,3.5,"DGS10"
2023-05-16,3.54,"DGS10"
2023-05-17,3.57,"DGS10"
2023-05-18,3.65,"DGS10"
2023-05-19,3.7,"DGS10"
2023-05-22,3.72,"DGS10"
2023-05-23,3.7,"DGS10"
2023-05-24,3.73,"DGS10"
2023-05-25,3.83,"DGS10"
2023-05-26,3.8,"DGS10"
2023-05-30,3.69,"DGS10"
2023-05-31,3.64,"DGS10"
2023-06-01,3.61,"DGS10"
2023-06-02,3.69,"DGS10"
2023-06-05,3.69,"DGS10"
2023-06-06,3.7,"DGS10"
2023-06-07,3.79,"DGS10"
2023-06-08,3.73,"DGS10"
2023-06-09,3.75,"DGS10"
2023-06-12,3.73,"DGS10"
2023-06-13,3.84,"DGS10"
2023-06-14,3.83,"DGS10"
2023-06-15,3.72,"DGS10"
2023-06-16,3.77,"DGS10"
2023-06-20,3.74,"DGS10"
2023-06-21,3.72,"DGS10"
2023-06-22,3.8,"DGS10"
2023-06-23,3.74,"DGS10"
2023-06-26,3.72,"DGS10"
2023-06-27,3.77,"DGS10"
2023-06-28,3.71,"DGS10"
2023-06-29,3.85,"DGS10"
2023-06-30,3.81,"DGS10"
2023-07-03,3.86,"DGS10"
2023-07-05,3.95,"DGS10"
2023-07-06,4.05,"DGS10"
2023-07-07,4.06,"DGS10"
2023-07-10,4.01,"DGS10"
2023-07-11,3.99,"DGS10"
2023-07-12,3.86,"DGS10"
2023-07-13,3.76,"DGS10"
2023-07-14,3.83,"DGS10"
2023-07-17,3.81,"DGS10"
2023-07-18,3.8,"DGS10"
2023-07-19,3.75,"DGS10"
2023-07-20,3.85,"DGS10"
2023-07-21,3.84,"DGS10"
2023-07-24,3.86,"DGS10"
2023-07-25,3.91,"DGS10"
2023-07-26,3.86,"DGS10"
2023-07-27,4.01,"DGS10"
2023-07-28,3.96,"DGS10"
2023-07-31,3.97,"DGS10"
2023-08-01,4.05,"DGS10"
2023-08-02,4.08,"DGS10"
2023-08-03,4.2,"DGS10"
2023-08-04,4.05,"DGS10"
2023-08-07,4.09,"DGS10"
2023-08-08,4.02,"DGS10"
2023-08-09,4,"DGS10"
2023-08-10,4.09,"DGS10"
2023-08-11,4.16,"DGS10"
2023-08-14,4.19,"DGS10"
2023-08-15,4.21,"DGS10"
2023-08-16,4.28,"DGS10"
2023-08-17,4.3,"DGS10"
2023-08-18,4.26,"DGS10"
2023-08-21,4.34,"DGS10"
2023-08-22,4.34,"DGS10"
2023-08-23,4.19,"DGS10"
2023-08-24,4.23,"DGS10"
2023-08-25,4.25,"DGS10"
2023-08-28,4.2,"DGS10"
2023-08-29,4.12,"DGS10"
2023-08-30,4.12,"DGS10"
2023-08-31,4.09,"DGS10"
2023-09-01,4.18,"DGS10"
2023-09-05,4.27,"DGS10"
2023-09-06,4.3,"DGS10"
2023-09-07,4.27,"DGS10"
2023-09-08,4.26,"DGS10"
2023-09-11,4.29,"DGS10"
2023-09-12,4.27,"DGS10"
2023-09-13,4.25,"DGS10"
2023-09-14,4.29,"DGS10"
2023-09-15,4.33,"DGS10"
2023-09-18,4.32,"DGS10"
2023-09-19,4.37,"DGS10"
2023-09-20,4.35,"DGS10"
2023-09-21,4.49,"DGS10"
2023-09-22,4.44,"DGS10"
2023-09-25,4.55,"DGS10"
2023-09-26,4.56,"DGS10"
2023-09-27,4.61,"DGS10"
2023-09-28,4.59,"DGS10"
2023-09-29,4.59,"DGS10"
2023-10-02,4.69,"DGS10"
2023-10-03,4.81,"DGS10"
2023-10-04,4.73,"DGS10"
2023-10-05,4.72,"DGS10"
2023-10-06,4.78,"DGS10"
2023-10-10,4.66,"DGS10"
2023-10-11,4.58,"DGS10"
2023-10-12,4.7,"DGS10"
2023-10-13,4.63,"DGS10"
2023-10-16,4.71,"DGS10"
2023-10-17,4.83,"DGS10"
2023-10-18,4.91,"DGS10"
2023-10-19,4.98,"DGS10"
2023-10-20,4.93,"DGS10"
2023-10-23,4.86,"DGS10"
2023-10-24,4.83,"DGS10"
2023-10-25,4.95,"DGS10"
2023-10-26,4.86,"DGS10"
2023-10-27,4.84,"DGS10"
2023-10-30,4.88,"DGS10"
2023-10-31,4.88,"DGS10"
2023-11-01,4.77,"DGS10"
2023-11-02,4.67,"DGS10"
2023-11-03,4.57,"DGS10"
2023-11-06,4.67,"DGS10"
2023-11-07,4.58,"DGS10"
2023-11-08,4.49,"DGS10"
2023-11-09,4.62,"DGS10"
2023-11-10,4.61,"DGS10"
2023-11-13,4.63,"DGS10"
2023-11-14,4.44,"DGS10"
2023-11-15,4.53,"DGS10"
2023-11-16,4.45,"DGS10"
2023-11-17,4.44,"DGS10"
2023-11-20,4.42,"DGS10"
2023-11-21,4.41,"DGS10"
2023-11-22,4.42,"DGS10"
2023-11-24,4.47,"DGS10"
2023-11-27,4.39,"DGS10"
2023-11-28,4.34,"DGS10"
2023-11-29,4.27,"DGS10"
2023-11-30,4.37,"DGS10"
2023-12-01,4.22,"DGS10"
2023-12-04,4.28,"DGS10"
2023-12-05,4.18,"DGS10"
2023-12-06,4.12,"DGS10"
2023-12-07,4.14,"DGS10"
2023-12-08,4.23,"DGS10"
2023-12-11,4.23,"DGS10"
2023-12-12,4.2,"DGS10"
2023-12-13,4.04,"DGS10"
2023-12-14,3.92,"DGS10"
2023-12-15,3.91,"DGS10"
2023-12-18,3.95,"DGS10"
2023-12-19,3.93,"DGS10"
2023-12-20,3.86,"DGS10"
2023-12-21,3.89,"DGS10"
2023-12-22,3.9,"DGS10"
2023-12-26,3.89,"DGS10"
2023-12-27,3.79,"DGS10"
2023-12-28,3.84,"DGS10"
2023-12-29,3.88,"DGS10"
2024-01-02,3.95,"DGS10"
2024-01-03,3.91,"DGS10"
2024-01-04,3.99,"DGS10"
2024-01-05,4.05,"DGS10"
2024-01-08,4.01,"DGS10"
2024-01-09,4.02,"DGS10"
2024-01-10,4.04,"DGS10"
2024-01-11,3.98,"DGS10"
2024-01-12,3.96,"DGS10"
2024-01-16,4.07,"DGS10"
2024-01-17,4.1,"DGS10"
2024-01-18,4.14,"DGS10"
2024-01-19,4.15,"DGS10"
2024-01-22,4.11,"DGS10"
2024-01-23,4.14,"DGS10"
2024-01-24,4.18,"DGS10"
2024-01-25,4.14,"DGS10"
2024-01-26,4.15,"DGS10"
2024-01-29,4.08,"DGS10"
2024-01-30,4.06,"DGS10"
2024-01-31,3.99,"DGS10"
2024-02-01,3.87,"DGS10"
2024-02-02,4.03,"DGS10"
2024-02-05,4.17,"DGS10"
2024-02-06,4.09,"DGS10"
2024-02-07,4.09,"DGS10"
2024-02-08,4.15,"DGS10"
2024-02-09,4.17,"DGS10"
2024-02-12,4.17,"DGS10"
2024-02-13,4.31,"DGS10"
2024-02-14,4.27,"DGS10"
2024-02-15,4.24,"DGS10"
2024-02-16,4.3,"DGS10"
2024-02-20,4.27,"DGS10"
2024-02-21,4.32,"DGS10"
2024-02-22,4.33,"DGS10"
2024-02-23,4.26,"DGS10"
2024-02-26,4.28,"DGS10"
2024-02-27,4.31,"DGS10"
2024-02-28,4.27,"DGS10"
2024-02-29,4.25,"DGS10"
2024-03-01,4.19,"DGS10"
2024-03-04,4.22,"DGS10"
2024-03-05,4.13,"DGS10"
2024-03-06,4.11,"DGS10"
2024-03-07,4.09,"DGS10"
2024-03-08,4.09,"DGS10"
2024-03-11,4.1,"DGS10"
2024-03-12,4.16,"DGS10"
2024-03-13,4.19,"DGS10"
2024-03-14,4.29,"DGS10"
2024-03-15,4.31,"DGS10"
2024-03-18,4.34,"DGS10"
2024-03-19,4.3,"DGS10"
2024-03-20,4.27,"DGS10"
2024-03-21,4.27,"DGS10"
2024-03-22,4.22,"DGS10"
2024-03-25,4.25,"DGS10"
2024-03-26,4.24,"DGS10"
2024-03-27,4.2,"DGS10"
2024-03-28,4.2,"DGS10"
2024-04-01,4.33,"DGS10"
2024-04-02,4.36,"DGS10"
2024-04-03,4.36,"DGS10"
2024-04-04,4.31,"DGS10"
2024-04-05,4.39,"DGS10"
2024-04-08,4.42,"DGS10"
2024-04-09,4.36,"DGS10"
2024-04-10,4.55,"DGS10"
2024-04-11,4.56,"DGS10"
2024-04-12,4.5,"DGS10"
2024-04-15,4.63,"DGS10"
2024-04-16,4.67,"DGS10"
2024-04-17,4.59,"DGS10"
2024-04-18,4.64,"DGS10"
2024-04-19,4.62,"DGS10"
2024-04-22,4.62,"DGS10"
2024-04-23,4.61,"DGS10"
2024-04-24,4.65,"DGS10"
2024-04-25,4.7,"DGS10"
2024-04-26,4.67,"DGS10"
2024-04-29,4.63,"DGS10"
2024-04-30,4.69,"DGS10"
2024-05-01,4.63,"DGS10"
2024-05-02,4.58,"DGS10"
2024-05-03,4.5,"DGS10"
2024-05-06,4.49,"DGS10"
2024-05-07,4.47,"DGS10"
2024-05-08,4.48,"DGS10"
2024-05-09,4.45,"DGS10"
2024-05-10,4.5,"DGS10"
2024-05-13,4.48,"DGS10"
2024-05-14,4.45,"DGS10"
2024-05-15,4.36,"DGS10"
2024-05-16,4.38,"DGS10"
2024-05-17,4.42,"DGS10"
2024-05-20,4.44,"DGS10"
2024-05-21,4.41,"DGS10"
2024-05-22,4.43,"DGS10"
2024-05-23,4.47,"DGS10"
2024-05-24,4.46,"DGS10"
2024-05-28,4.54,"DGS10"
2024-05-29,4.61,"DGS10"
2024-05-30,4.55,"DGS10"
2024-05-31,4.51,"DGS10"
2024-06-03,4.41,"DGS10"
2024-06-04,4.33,"DGS10"
2024-06-05,4.29,"DGS10"
2024-06-06,4.28,"DGS10"
2024-06-07,4.43,"DGS10"
2024-06-10,4.47,"DGS10"
2024-06-11,4.39,"DGS10"
2024-06-12,4.31,"DGS10"
2024-06-13,4.24,"DGS10"
2024-06-14,4.2,"DGS10"
2024-06-17,4.28,"DGS10"
2024-06-18,4.22,"DGS10"
2024-06-20,4.25,"DGS10"
2024-06-21,4.25,"DGS10"
2024-06-24,4.25,"DGS10"
2024-06-25,4.23,"DGS10"
2024-06-26,4.32,"DGS10"
2024-06-27,4.29,"DGS10"
2024-06-28,4.36,"DGS10"
2024-07-01,4.48,"DGS10"
2024-07-02,4.43,"DGS10"
2024-07-03,4.36,"DGS10"
2024-07-05,4.28,"DGS10"
2024-07-08,4.28,"DGS10"
2024-07-09,4.3,"DGS10"
2024-07-10,4.28,"DGS10"
2024-07-11,4.2,"DGS10"
2024-07-12,4.18,"DGS10"
2024-07-15,4.23,"DGS10"
2024-07-16,4.17,"DGS10"
2024-07-17,4.16,"DGS10"
2024-07-18,4.2,"DGS10"
2024-07-19,4.25,"DGS10"
2024-07-22,4.26,"DGS10"
2024-07-23,4.25,"DGS10"
2024-07-24,4.28,"DGS10"
2024-07-25,4.27,"DGS10"
2024-07-26,4.2,"DGS10"
2024-07-29,4.17,"DGS10"
2024-07-30,4.15,"DGS10"
2024-07-31,4.09,"DGS10"
2024-08-01,3.99,"DGS10"
2024-08-02,3.8,"DGS10"
2024-08-05,3.78,"DGS10"
2024-08-06,3.9,"DGS10"
2024-08-07,3.96,"DGS10"
2024-08-08,3.99,"DGS10"
2024-08-09,3.94,"DGS10"
2024-08-12,3.9,"DGS10"
2024-08-13,3.85,"DGS10"
2024-08-14,3.83,"DGS10"
2024-08-15,3.92,"DGS10"
2024-08-16,3.89,"DGS10"
2024-08-19,3.86,"DGS10"
2024-08-20,3.82,"DGS10"
2024-08-21,3.79,"DGS10"
2024-08-22,3.86,"DGS10"
2024-08-23,3.81,"DGS10"
2024-08-26,3.82,"DGS10"
2024-08-27,3.83,"DGS10"
2024-08-28,3.84,"DGS10"
2024-08-29,3.87,"DGS10"
2024-08-30,3.91,"DGS10"
2024-09-03,3.84,"DGS10"
2024-09-04,3.77,"DGS10"
2024-09-05,3.73,"DGS10"
2024-09-06,3.72,"DGS10"
2024-09-09,3.7,"DGS10"
2024-09-10,3.65,"DGS10"
2024-09-11,3.65,"DGS10"
2024-09-12,3.68,"DGS10"
2024-09-13,3.66,"DGS10"
2024-09-16,3.63,"DGS10"
2024-09-17,3.65,"DGS10"
2024-09-18,3.7,"DGS10"
2024-09-19,3.73,"DGS10"
2024-09-20,3.73,"DGS10"
2024-09-23,3.75,"DGS10"
2024-09-24,3.74,"DGS10"
2024-09-25,3.79,"DGS10"
2024-09-26,3.79,"DGS10"
2024-09-27,3.75,"DGS10"
2024-09-30,3.81,"DGS10"
2024-10-01,3.74,"DGS10"
2024-10-02,3.79,"DGS10"
2024-10-03,3.85,"DGS10"
2024-10-04,3.98,"DGS10"
2024-10-07,4.03,"DGS10"
2024-10-08,4.04,"DGS10"
2024-10-09,4.06,"DGS10"
2024-10-10,4.09,"DGS10"
2024-10-11,4.08,"DGS10"
2024-10-15,4.03,"DGS10"
2024-10-16,4.02,"DGS10"
2024-10-17,4.09,"DGS10"
2024-10-18,4.08,"DGS10"
2024-10-21,4.19,"DGS10"
2024-10-22,4.2,"DGS10"
2024-10-23,4.24,"DGS10"
2024-10-24,4.21,"DGS10"
2024-10-25,4.25,"DGS10"
2024-10-28,4.28,"DGS10"
2024-10-29,4.28,"DGS10"
2024-10-30,4.29,"DGS10"
2024-10-31,4.28,"DGS10"
2024-11-01,4.37,"DGS10"
2024-11-04,4.31,"DGS10"
2024-11-05,4.26,"DGS10"
2024-11-06,4.42,"DGS10"
2024-11-07,4.31,"DGS10"
2024-11-08,4.3,"DGS10"
2024-11-12,4.43,"DGS10"
2024-11-13,4.44,"DGS10"
2024-11-14,4.43,"DGS10"
2024-11-15,4.43,"DGS10"
2024-11-18,4.42,"DGS10"
2024-11-19,4.39,"DGS10"
2024-11-20,4.41,"DGS10"
2024-11-21,4.43,"DGS10"
2024-11-22,4.41,"DGS10"
2024-11-25,4.27,"DGS10"
2024-11-26,4.3,"DGS10"
2024-11-27,4.25,"DGS10"
2024-11-29,4.18,"DGS10"
2024-12-02,4.19,"DGS10"
2024-12-03,4.23,"DGS10"
2024-12-04,4.19,"DGS10"
2024-12-05,4.17,"DGS10"
2024-12-06,4.15,"DGS10"
2024-12-09,4.2,"DGS10"
2024-12-10,4.22,"DGS10"
2024-12-11,4.26,"DGS10"
2024-12-12,4.32,"DGS10"
2024-12-13,4.4,"DGS10"
2024-12-16,4.39,"DGS10"
2024-12-17,4.4,"DGS10"
2024-12-18,4.5,"DGS10"
2024-12-19,4.57,"DGS10"
2024-12-20,4.52,"DGS10"
2024-12-23,4.59,"DGS10"
2024-12-24,4.59,"DGS10"
2024-12-26,4.58,"DGS10"
2024-12-27,4.62,"DGS10"
2024-12-30,4.55,"DGS10"
2024-12-31,4.58,"DGS10"
2025-01-02,4.57,"DGS10"
2025-01-03,4.6,"DGS10"
2025-01-06,4.62,"DGS10"
2025-01-07,4.67,"DGS10"
2025-01-08,4.67,"DGS10"
2025-01-09,4.68,"DGS10"
2025-01-10,4.77,"DGS10"
2025-01-13,4.79,"DGS10"
2025-01-14,4.78,"DGS10"
2025-01-15,4.66,"DGS10"
2025-01-16,4.61,"DGS10"
2025-01-17,4.61,"DGS10"
2025-01-21,4.57,"DGS10"
2025-01-22,4.6,"DGS10"
2025-01-23,4.65,"DGS10"
2025-01-24,4.63,"DGS10"
2025-01-27,4.53,"DGS10"
2025-01-28,4.55,"DGS10"
2025-01-29,4.55,"DGS10"
2025-01-30,4.52,"DGS10"
2025-01-31,4.58,"DGS10"
2025-02-03,4.54,"DGS10"
2025-02-04,4.52,"DGS10"
2025-02-05,4.43,"DGS10"
2025-02-06,4.45,"DGS10"
2025-02-07,4.49,"DGS10"
2025-02-10,4.51,"DGS10"
2025-02-11,4.54,"DGS10"
2025-02-12,4.62,"DGS10"
2025-02-13,4.52,"DGS10"
2025-02-14,4.47,"DGS10"
2025-02-18,4.55,"DGS10"
2025-02-19,4.53,"DGS10"
2025-02-20,4.5,"DGS10"
2025-02-21,4.42,"DGS10"
2025-02-24,4.4,"DGS10"
2025-02-25,4.3,"DGS10"
2025-02-26,4.25,"DGS10"
2025-02-27,4.29,"DGS10"
2025-02-28,4.24,"DGS10"
2025-03-03,4.16,"DGS10"
2025-03-04,4.22,"DGS10"
2025-03-05,4.28,"DGS10"
2025-03-06,4.29,"DGS10"
2025-03-07,4.32,"DGS10"
2025-03-10,4.22,"DGS10"
2025-03-11,4.28,"DGS10"
2025-03-12,4.32,"DGS10"
2025-03-13,4.27,"DGS10"
2025-03-14,4.31,"DGS10"
2025-03-17,4.31,"DGS10"
2025-03-18,4.29,"DGS10"
2025-03-19,4.25,"DGS10"
2025-03-20,4.24,"DGS10"
2025-03-21,4.25,"DGS10"
2025-03-24,4.34,"DGS10"
2025-03-25,4.31,"DGS10"
2025-03-26,4.35,"DGS10"
2025-03-27,4.38,"DGS10"
2025-03-28,4.27,"DGS10"
2025-03-31,4.23,"DGS10"
2025-04-01,4.17,"DGS10"
2025-04-02,4.2,"DGS10"
2025-04-03,4.06,"DGS10"
2025-04-04,4.01,"DGS10"
2025-04-07,4.15,"DGS10"
2025-04-08,4.26,"DGS10"
2025-04-09,4.34,"DGS10"
2025-04-10,4.4,"DGS10"
2025-04-11,4.48,"DGS10"
2025-04-14,4.38,"DGS10"
2025-04-15,4.35,"DGS10"
2025-04-16,4.29,"DGS10"
2025-04-17,4.34,"DGS10"
2025-04-21,4.42,"DGS10"
2025-04-22,4.41,"DGS10"
2025-04-23,4.4,"DGS10"
2025-04-24,4.32,"DGS10"
2025-04-25,4.29,"DGS10"
2025-04-28,4.23,"DGS10"
2025-04-29,4.19,"DGS10"
2025-04-30,4.17,"DGS10"
2025-05-01,4.25,"DGS10"
2025-05-02,4.33,"DGS10"
2025-05-05,4.36,"DGS10"
2025-05-06,4.3,"DGS10"
2025-05-07,4.26,"DGS10"
2025-05-08,4.37,"DGS10"
2025-05-09,4.37,"DGS10"
2025-05-12,4.45,"DGS10"
2025-05-13,4.49,"DGS10"
2025-05-14,4.53,"DGS10"
2025-05-15,4.45,"DGS10"
2025-05-16,4.43,"DGS10"
2025-05-19,4.46,"DGS10"
2025-05-20,4.48,"DGS10"
2025-05-21,4.58,"DGS10"
2025-05-22,4.54,"DGS10"
2025-05-23,4.51,"DGS10"
2025-05-27,4.43,"DGS10"
2025-05-28,4.47,"DGS10"
2025-05-29,4.43,"DGS10"
2025-05-30,4.41,"DGS10"
2025-06-02,4.46,"DGS10"
2025-06-03,4.46,"DGS10"
2025-06-04,4.37,"DGS10"
2025-06-05,4.4,"DGS10"
2025-06-06,4.51,"DGS10"
2025-06-09,4.49,"DGS10"
2025-06-10,4.47,"DGS10"
2025-06-11,4.41,"DGS10"
2025-06-12,4.36,"DGS10"
2025-06-13,4.41,"DGS10"
2025-06-16,4.46,"DGS10"
2025-06-17,4.39,"DGS10"
2025-06-18,4.38,"DGS10"
2025-06-20,4.38,"DGS10"
2025-06-23,4.34,"DGS10"
2025-06-24,4.3,"DGS10"
2025-06-25,4.29,"DGS10"
2025-06-26,4.26,"DGS10"
2025-06-27,4.29,"DGS10"
2025-06-30,4.24,"DGS10"
2025-07-01,4.26,"DGS10"
2025-07-02,4.3,"DGS10"
2025-07-03,4.35,"DGS10"
2025-07-07,4.4,"DGS10"
2025-07-08,4.42,"DGS10"
2025-07-09,4.34,"DGS10"
2025-07-10,4.35,"DGS10"
2025-07-11,4.43,"DGS10"
2025-07-14,4.43,"DGS10"
2025-07-15,4.5,"DGS10"
2025-07-16,4.46,"DGS10"
2025-07-17,4.47,"DGS10"
2025-07-18,4.44,"DGS10"
2025-07-21,4.38,"DGS10"
2025-07-22,4.35,"DGS10"
2025-07-23,4.4,"DGS10"
2025-07-24,4.43,"DGS10"
2025-07-25,4.4,"DGS10"
2025-07-28,4.42,"DGS10"
2025-07-29,4.34,"DGS10"
2025-07-30,4.38,"DGS10"
2025-07-31,4.37,"DGS10"
2025-08-01,4.23,"DGS10"
2025-08-04,4.22,"DGS10"
2025-08-05,4.22,"DGS10"
2025-08-06,4.22,"DGS10"
2025-08-07,4.23,"DGS10"
2025-08-08,4.27,"DGS10"
2025-08-11,4.27,"DGS10"
2025-08-12,4.29,"DGS10"
2025-08-13,4.24,"DGS10"
2025-08-14,4.29,"DGS10"
2025-08-15,4.33,"DGS10"
2025-08-18,4.34,"DGS10"
2025-08-19,4.3,"DGS10"
2025-08-20,4.29,"DGS10"
2025-08-21,4.33,"DGS10"
2025-08-22,4.26,"DGS10"
2025-08-25,4.28,"DGS10"
2025-08-26,4.26,"DGS10"
2025-08-27,4.24,"DGS10"
2025-08-28,4.22,"DGS10"
2025-08-29,4.23,"DGS10"
2025-09-02,4.28,"DGS10"
2025-09-03,4.22,"DGS10"
2025-09-04,4.17,"DGS10"
2025-09-05,4.1,"DGS10"
2025-09-08,4.05,"DGS10"
2025-09-09,4.08,"DGS10"
2025-09-10,4.04,"DGS10"
2025-09-11,4.01,"DGS10"
2025-09-12,4.06,"DGS10"
2025-09-15,4.05,"DGS10"
2025-09-16,4.04,"DGS10"
2025-09-17,4.06,"DGS10"
2025-09-18,4.11,"DGS10"
2025-09-19,4.14,"DGS10"
2025-09-22,4.15,"DGS10"
2025-09-23,4.12,"DGS10"
2025-09-24,4.16,"DGS10"
2025-09-25,4.18,"DGS10"
2025-09-26,4.2,"DGS10"
2025-09-29,4.15,"DGS10"
2025-09-30,4.16,"DGS10"
2025-10-01,4.12,"DGS10"
2025-10-02,4.1,"DGS10"
2025-10-03,4.13,"DGS10"
2025-10-06,4.18,"DGS10"
2025-10-07,4.14,"DGS10"
2025-10-08,4.13,"DGS10"
2025-10-09,4.14,"DGS10"
2025-10-10,4.05,"DGS10"
2025-10-14,4.03,"DGS10"
2025-10-15,4.05,"DGS10"
2025-10-16,3.99,"DGS10"
2025-10-17,4.02,"DGS10"
2025-10-20,4,"DGS10"
2025-10-21,3.98,"DGS10"
2025-10-22,3.97,"DGS10"
2025-10-23,4.01,"DGS10"
2025-10-24,4.02,"DGS10"
2025-10-27,4.01,"DGS10"
2025-10-28,3.99,"DGS10"
2025-10-29,4.08,"DGS10"
2025-10-30,4.11,"DGS10"
2025-10-31,4.11,"DGS10"
2025-11-03,4.13,"DGS10"
2025-11-04,4.1,"DGS10"
2025-11-05,4.17,"DGS10"
2025-11-06,4.11,"DGS10"
2025-11-07,4.11,"DGS10"
2025-11-10,4.13,"DGS10"
2025-11-12,4.08,"DGS10"
2025-11-13,4.11,"DGS10"
2025-11-14,4.14,"DGS10"
2025-11-17,4.13,"DGS10"
2025-11-18,4.12,"DGS10"
2025-11-19,4.13,"DGS10"
2025-11-20,4.1,"DGS10"
2025-11-21,4.06,"DGS10"
2025-11-24,4.04,"DGS10"
2025-11-25,4.01,"DGS10"
2025-11-26,4,"DGS10"
2025-11-28,4.02,"DGS10"
2025-12-01,4.09,"DGS10"
2025-12-02,4.09,"DGS10"
2025-12-03,4.06,"DGS10"
2025-12-04,4.11,"DGS10"
2025-12-05,4.14,"DGS10"
2025-12-08,4.17,"DGS10"
2025-12-09,4.18,"DGS10"
2025-12-10,4.13,"DGS10"
2025-12-11,4.14,"DGS10"
2025-12-12,4.19,"DGS10"
2025-12-15,4.18,"DGS10"
2025-12-16,4.15,"DGS10"
2025-12-17,4.16,"DGS10"
2025-12-18,4.12,"DGS10"
2025-12-19,4.16,"DGS10"
2025-12-22,4.17,"DGS10"
2025-12-23,4.18,"DGS10"
2025-12-24,4.15,"DGS10"
2025-12-26,4.14,"DGS10"
2025-12-29,4.12,"DGS10"
2025-12-30,4.14,"DGS10"
2025-12-31,4.18,"DGS10"
2026-01-02,4.19,"DGS10"
2026-01-05,4.17,"DGS10"
2026-01-06,4.18,"DGS10"
2026-01-07,4.15,"DGS10"
2026-01-08,4.19,"DGS10"
2026-01-09,4.18,"DGS10"
2026-01-12,4.19,"DGS10"
2026-01-13,4.18,"DGS10"
2026-01-14,4.15,"DGS10"
2026-01-15,4.17,"DGS10"
2026-01-16,4.24,"DGS10"
2026-01-20,4.3,"DGS10"
2026-01-21,4.26,"DGS10"
2026-01-22,4.26,"DGS10"
2026-01-23,4.24,"DGS10"
2026-01-26,4.22,"DGS10"
2026-01-27,4.24,"DGS10"
2026-01-28,4.26,"DGS10"
2026-01-29,4.24,"DGS10"
2026-01-30,4.26,"DGS10"
2026-02-02,4.29,"DGS10"
2026-02-03,4.28,"DGS10"
2026-02-04,4.29,"DGS10"
2026-02-05,4.21,"DGS10"
2026-02-06,4.22,"DGS10"
2026-02-09,4.22,"DGS10"
2026-02-10,4.16,"DGS10"
2026-02-11,4.18,"DGS10"
2026-02-12,4.09,"DGS10"
